Landkreis,ID_LK_SK,LK_SK,Bundesland,age_covid_0_34_%,age_covid_35_59_%,age_covid_60+_%,age_covid_unknown_%,gender_covid_f_%,gender_covid_m_%,gender_covid_unknown_%,Sterberate_%
LK Ahrweiler,7131,LK,Rheinland-Pfalz,41.269841269841265,41.269841269841265,16.402116402116402,1.0582010582010581,45.78313253012048,51.80722891566265,2.4096385542168677,0.5291005291005291
LK Aichach-Friedberg,9771,LK,Bayern,22.330097087378643,44.01294498381877,33.65695792880259,0.0,50.92936802973978,49.07063197026022,0.0,6.472491909385113
LK Alb-Donau-Kreis,8425,LK,Baden-Württemberg,24.610591900311526,49.22118380062305,26.168224299065418,0.0,55.376344086021504,44.623655913978496,0.0,4.049844236760125
LK Altenburger Land,16077,LK,Thüringen,14.084507042253522,52.112676056338024,33.80281690140845,0.0,55.072463768115945,44.927536231884055,0.0,4.225352112676056
LK Altenkirchen,7132,LK,Rheinland-Pfalz,22.424242424242426,40.0,37.57575757575757,0.0,61.18421052631579,38.81578947368421,0.0,6.666666666666667
LK Altmarkkreis Salzwedel,15081,LK,Sachsen-Anhalt,30.303030303030305,39.39393939393939,30.303030303030305,0.0,60.60606060606061,39.39393939393939,0.0,3.0303030303030303
LK Altötting,9171,LK,Bayern,19.867549668874172,41.72185430463576,38.24503311258278,0.16556291390728478,54.67889908256881,45.321100917431195,0.0,8.774834437086094
LK Alzey-Worms,7331,LK,Rheinland-Pfalz,30.451127819548873,39.097744360902254,30.075187969924812,0.37593984962406013,56.09756097560976,43.90243902439025,0.0,4.135338345864661
LK Amberg-Sulzbach,9371,LK,Bayern,20.766129032258064,32.66129032258064,46.57258064516129,0.0,60.64356435643564,39.35643564356436,0.0,9.475806451612904
LK Ammerland,3451,LK,Niedersachsen,31.382978723404253,46.27659574468085,22.340425531914892,0.0,55.80110497237569,44.19889502762431,0.0,2.6595744680851063
LK Anhalt-Bitterfeld,15082,LK,Sachsen-Anhalt,27.397260273972602,45.20547945205479,27.397260273972602,0.0,50.0,50.0,0.0,2.73972602739726
LK Ansbach,9571,LK,Bayern,30.198019801980198,40.42904290429043,29.372937293729372,0.0,52.90697674418605,47.093023255813954,0.0,4.455445544554455
LK Aschaffenburg,9671,LK,Bayern,18.24953445065177,40.4096834264432,41.340782122905026,0.0,55.43933054393305,44.56066945606695,0.0,7.076350093109869
LK Augsburg,9772,LK,Bayern,23.05699481865285,44.81865284974093,32.12435233160622,0.0,44.90358126721763,54.82093663911846,0.27548209366391185,2.33160621761658
LK Aurich,3452,LK,Niedersachsen,32.25806451612903,41.935483870967744,25.806451612903224,0.0,47.45762711864407,52.54237288135594,0.0,6.451612903225806
LK Bad Dürkheim,7332,LK,Rheinland-Pfalz,26.993865030674847,41.41104294478527,31.595092024539877,0.0,51.48514851485149,48.51485148514851,0.0,3.6809815950920246
LK Bad Kissingen,9672,LK,Bayern,20.930232558139537,34.10852713178294,44.96124031007752,0.0,51.776649746192895,47.71573604060914,0.5076142131979695,7.3643410852713185
LK Bad Kreuznach,7133,LK,Rheinland-Pfalz,24.747474747474747,41.41414141414141,31.313131313131315,2.525252525252525,52.307692307692314,46.92307692307692,0.7692307692307693,3.535353535353535
LK Bad Tölz-Wolfratshausen,9173,LK,Bayern,28.60520094562648,46.57210401891253,24.822695035460992,0.0,45.75835475578406,54.24164524421594,0.0,2.3640661938534278
LK Bamberg,9471,LK,Bayern,24.821002386634845,42.720763723150355,32.4582338902148,0.0,57.47126436781609,42.5287356321839,0.0,8.591885441527445
LK Barnim,12060,LK,Brandenburg,20.975609756097562,39.75609756097561,39.268292682926834,0.0,58.52272727272727,41.47727272727273,0.0,7.073170731707316
LK Bautzen,14625,LK,Sachsen,23.847695390781563,39.078156312625254,37.07414829659319,0.0,59.122401847575055,40.877598152424945,0.0,4.008016032064128
LK Bayreuth,9472,LK,Bayern,23.27790973871734,38.47980997624703,38.242280285035626,0.0,53.015075376884425,46.984924623115575,0.0,6.413301662707839
LK Berchtesgadener Land,9172,LK,Bayern,18.272425249169437,39.8671096345515,41.86046511627907,0.0,47.368421052631575,52.63157894736842,0.0,7.308970099667775
LK Bergstraße,6431,LK,Hessen,31.63841807909605,48.30508474576271,20.056497175141246,0.0,45.56574923547401,54.43425076452599,0.0,0.847457627118644
LK Bernkastel-Wittlich,7231,LK,Rheinland-Pfalz,34.146341463414636,47.5609756097561,18.29268292682927,0.0,46.40522875816993,52.94117647058824,0.6535947712418301,1.2195121951219512
LK Biberach,8426,LK,Baden-Württemberg,30.44982698961938,37.0242214532872,32.52595155709342,0.0,54.27509293680297,45.72490706319702,0.0,5.709342560553633
LK Birkenfeld,7134,LK,Rheinland-Pfalz,33.33333333333333,33.33333333333333,33.33333333333333,0.0,50.0,50.0,0.0,2.2222222222222223
LK Bitburg-Prüm,7232,LK,Rheinland-Pfalz,25.0,45.65217391304348,29.347826086956523,0.0,50.649350649350644,49.35064935064935,0.0,2.1739130434782608
LK Bodenseekreis,8435,LK,Baden-Württemberg,25.862068965517242,49.6551724137931,24.482758620689655,0.0,46.71814671814672,53.28185328185329,0.0,2.7586206896551726
LK Borken,5554,LK,Nordrhein-Westfalen,31.068840579710145,46.92028985507246,22.01086956521739,0.0,50.8495145631068,49.150485436893206,0.0,3.4420289855072466
LK Breisgau-Hochschwarzwald,8315,LK,Baden-Württemberg,19.20353982300885,41.32743362831858,39.469026548672566,0.0,51.67364016736402,48.32635983263599,0.0,6.283185840707965
LK Burgenlandkreis,15084,LK,Sachsen-Anhalt,20.689655172413794,46.55172413793103,32.758620689655174,0.0,52.63157894736842,47.368421052631575,0.0,1.7241379310344827
LK Böblingen,8115,LK,Baden-Württemberg,24.908692476260043,42.878013148283415,32.213294375456535,0.0,50.42016806722689,49.36974789915966,0.21008403361344538,3.433162892622352
LK Börde,15083,LK,Sachsen-Anhalt,23.31288343558282,37.423312883435585,39.263803680981596,0.0,60.78431372549019,39.21568627450981,0.0,7.361963190184049
LK Calw,8235,LK,Baden-Württemberg,28.799999999999997,43.733333333333334,27.46666666666667,0.0,55.88723051409619,44.11276948590381,0.0,3.3333333333333335
LK Celle,3351,LK,Niedersachsen,26.442307692307693,35.09615384615385,38.46153846153847,0.0,53.03030303030303,46.96969696969697,0.0,6.730769230769231
LK Cham,9372,LK,Bayern,27.634660421545664,40.749414519906324,31.61592505854801,0.0,52.01005025125628,47.98994974874372,0.0,4.918032786885246
LK Cloppenburg,3453,LK,Niedersachsen,36.36363636363637,44.62809917355372,19.00826446280992,0.0,46.017699115044245,53.09734513274337,0.8849557522123894,0.0
LK Coburg,9473,LK,Bayern,19.287833827893174,37.68545994065282,43.02670623145401,0.0,59.86842105263158,39.80263157894737,0.3289473684210526,7.71513353115727
LK Cochem-Zell,7135,LK,Rheinland-Pfalz,28.24427480916031,58.01526717557252,13.740458015267176,0.0,40.869565217391305,59.130434782608695,0.0,0.7633587786259541
LK Coesfeld,5558,LK,Nordrhein-Westfalen,29.38443670150987,52.613240418118465,18.00232288037166,0.0,46.592709984152144,53.40729001584786,0.0,2.7874564459930316
LK Cuxhaven,3352,LK,Niedersachsen,38.48797250859107,27.147766323024054,34.36426116838488,0.0,51.821862348178136,48.178137651821864,0.0,6.529209621993128
LK Dachau,9174,LK,Bayern,31.50984682713348,40.91903719912472,27.571115973741794,0.0,48.73164218958612,51.26835781041389,0.0,2.954048140043764
LK Dahme-Spreewald,12061,LK,Brandenburg,28.286852589641438,43.02788844621514,28.68525896414343,0.0,51.569506726457405,48.4304932735426,0.0,3.187250996015936
LK Darmstadt-Dieburg,6432,LK,Hessen,26.88679245283019,47.40566037735849,25.707547169811324,0.0,45.86466165413533,54.13533834586466,0.0,4.716981132075472
LK Deggendorf,9271,LK,Bayern,28.307692307692307,41.84615384615385,29.846153846153843,0.0,51.65562913907284,48.34437086092716,0.0,4.0
LK Diepholz,3251,LK,Niedersachsen,18.579234972677597,42.349726775956285,39.07103825136612,0.0,51.98776758409785,47.706422018348626,0.3058103975535168,7.103825136612022
LK Dillingen a.d.Donau,9773,LK,Bayern,23.507462686567166,33.582089552238806,42.91044776119403,0.0,56.14035087719298,43.859649122807014,0.0,10.820895522388058
LK Dingolfing-Landau,9279,LK,Bayern,23.474178403755868,45.539906103286384,30.985915492957744,0.0,50.970873786407765,49.029126213592235,0.0,4.225352112676056
LK Dithmarschen,1051,LK,Schleswig-Holstein,18.333333333333332,36.666666666666664,45.0,0.0,52.63157894736842,47.368421052631575,0.0,5.0
LK Donau-Ries,9779,LK,Bayern,24.07932011331445,39.94334277620396,35.977337110481585,0.0,58.139534883720934,41.86046511627907,0.0,6.515580736543909
LK Donnersbergkreis,7333,LK,Rheinland-Pfalz,28.676470588235293,53.67647058823529,17.647058823529413,0.0,59.79381443298969,39.175257731958766,1.0309278350515463,4.411764705882353
LK Düren,5358,LK,Nordrhein-Westfalen,21.46422628951747,41.26455906821963,37.2712146422629,0.0,54.33526011560693,45.664739884393065,0.0,6.4891846921797
LK Ebersberg,9175,LK,Bayern,41.16504854368932,42.52427184466019,16.310679611650485,0.0,45.8628841607565,54.1371158392435,0.0,0.9708737864077669
LK Eichsfeld,16061,LK,Thüringen,21.518987341772153,46.20253164556962,32.278481012658226,0.0,57.89473684210527,42.10526315789473,0.0,5.69620253164557
LK Eichstätt,9176,LK,Bayern,25.34246575342466,50.34246575342466,24.315068493150687,0.0,54.230769230769226,45.76923076923077,0.0,6.164383561643835
LK Elbe-Elster,12062,LK,Brandenburg,24.675324675324674,40.25974025974026,35.064935064935064,0.0,50.70422535211267,49.29577464788733,0.0,3.896103896103896
LK Emmendingen,8316,LK,Baden-Württemberg,17.78202676864245,40.152963671128106,42.06500956022944,0.0,54.623655913978496,45.376344086021504,0.0,7.648183556405354
LK Emsland,3454,LK,Niedersachsen,33.408071748878925,36.99551569506727,29.596412556053814,0.0,52.63157894736842,47.11779448621554,0.2506265664160401,5.605381165919283
LK Ennepe-Ruhr-Kreis,5954,LK,Nordrhein-Westfalen,33.4841628959276,45.248868778280546,21.266968325791854,0.0,47.699757869249396,52.300242130750604,0.0,3.167420814479638
LK Enzkreis,8236,LK,Baden-Württemberg,28.96341463414634,43.75,26.52439024390244,0.7621951219512195,51.3184584178499,48.073022312373226,0.6085192697768762,2.8963414634146343
LK Erding,9177,LK,Bayern,35.78431372549019,43.95424836601307,20.26143790849673,0.0,47.53086419753087,52.46913580246913,0.0,1.9607843137254901
LK Erlangen-Höchstadt,9572,LK,Bayern,24.390243902439025,43.08943089430895,32.52032520325203,0.0,50.43478260869565,49.56521739130435,0.0,3.2520325203252036
LK Erzgebirgskreis,14521,LK,Sachsen,18.4115523465704,38.08664259927797,43.501805054151625,0.0,55.0321199143469,44.96788008565311,0.0,7.761732851985561
LK Esslingen,8116,LK,Baden-Württemberg,24.848818031885653,38.75755909840572,36.39362286970863,0.0,52.450980392156865,47.549019607843135,0.0,6.212204507971413
LK Euskirchen,5366,LK,Nordrhein-Westfalen,33.47547974413646,40.72494669509595,25.79957356076759,0.0,54.285714285714285,45.714285714285715,0.0,4.477611940298507
LK Forchheim,9474,LK,Bayern,33.17307692307692,44.230769230769226,22.596153846153847,0.0,50.0,50.0,0.0,1.9230769230769231
LK Freising,9178,LK,Bayern,23.84937238493724,40.06276150627615,35.98326359832636,0.10460251046025104,51.60891089108911,48.39108910891089,0.0,4.393305439330543
LK Freudenstadt,8237,LK,Baden-Württemberg,19.85940246045694,46.57293497363796,33.567662565905096,0.0,54.69387755102041,45.30612244897959,0.0,6.502636203866433
LK Freyung-Grafenau,9272,LK,Bayern,23.83419689119171,39.37823834196891,36.787564766839374,0.0,56.25,43.75,0.0,6.217616580310881
LK Friesland,3455,LK,Niedersachsen,25.0,37.5,37.5,0.0,34.375,65.625,0.0,3.125
LK Fulda,6631,LK,Hessen,34.08450704225352,42.53521126760563,23.380281690140844,0.0,51.54320987654321,48.45679012345679,0.0,3.3802816901408446
LK Fürstenfeldbruck,9179,LK,Bayern,29.477196885428253,42.380422691879865,28.142380422691883,0.0,48.89502762430939,51.10497237569061,0.0,3.8932146829810903
LK Fürth,9573,LK,Bayern,17.741935483870968,30.846774193548388,51.41129032258065,0.0,56.393442622950815,43.278688524590166,0.32786885245901637,11.491935483870968
LK Garmisch-Partenkirchen,9180,LK,Bayern,25.435540069686414,38.32752613240418,36.23693379790941,0.0,55.2,44.800000000000004,0.0,6.2717770034843205
LK Germersheim,7334,LK,Rheinland-Pfalz,22.448979591836736,53.74149659863946,23.809523809523807,0.0,48.93617021276596,51.06382978723404,0.0,3.4013605442176873
LK Gießen,6531,LK,Hessen,37.704918032786885,43.85245901639344,18.442622950819672,0.0,43.459915611814345,56.540084388185655,0.0,1.639344262295082
LK Gifhorn,3151,LK,Niedersachsen,29.25170068027211,42.17687074829932,28.57142857142857,0.0,49.6124031007752,50.3875968992248,0.0,2.7210884353741496
LK Goslar,3153,LK,Niedersachsen,20.155038759689923,37.2093023255814,42.63565891472868,0.0,62.34817813765182,37.65182186234818,0.0,9.689922480620156
LK Gotha,16067,LK,Thüringen,24.25249169435216,37.2093023255814,38.53820598006645,0.0,57.19557195571956,42.80442804428044,0.0,9.966777408637874
LK Grafschaft Bentheim,3456,LK,Niedersachsen,23.553719008264462,41.32231404958678,35.12396694214876,0.0,47.94520547945205,52.054794520547944,0.0,7.43801652892562
LK Greiz,16076,LK,Thüringen,15.68,38.4,45.92,0.0,60.249554367201426,39.750445632798574,0.0,7.359999999999999
LK Groß-Gerau,6433,LK,Hessen,31.32075471698113,47.35849056603774,21.32075471698113,0.0,48.379629629629626,51.620370370370374,0.0,2.2641509433962264
LK Göppingen,8117,LK,Baden-Württemberg,25.868725868725868,40.66924066924067,33.46203346203346,0.0,51.23367198838898,48.76632801161103,0.0,5.019305019305019
LK Görlitz,14626,LK,Sachsen,19.33085501858736,37.174721189591075,43.49442379182156,0.0,57.692307692307686,42.30769230769231,0.0,8.550185873605948
LK Göttingen,3159,LK,Niedersachsen,29.09090909090909,30.481283422459892,40.106951871657756,0.32085561497326204,57.82664941785253,41.785252263906855,0.38809831824062097,7.700534759358289
LK Günzburg,9774,LK,Bayern,27.73109243697479,41.596638655462186,30.672268907563026,0.0,54.67289719626168,45.32710280373832,0.0,1.680672268907563
LK Gütersloh,5754,LK,Nordrhein-Westfalen,22.091310751104565,55.670103092783506,22.091310751104565,0.14727540500736377,48.88507718696398,50.943396226415096,0.17152658662092624,2.945508100147275
LK Hameln-Pyrmont,3252,LK,Niedersachsen,22.58064516129032,36.29032258064516,41.12903225806452,0.0,52.21238938053098,47.78761061946903,0.0,5.64516129032258
LK Harburg,3353,LK,Niedersachsen,37.85310734463277,40.11299435028249,22.033898305084744,0.0,46.84014869888476,53.159851301115246,0.0,2.4482109227871938
LK Harz,15085,LK,Sachsen-Anhalt,49.224806201550386,35.27131782945737,15.503875968992247,0.0,43.03030303030303,56.96969696969697,0.0,1.550387596899225
LK Havelland,12063,LK,Brandenburg,22.413793103448278,52.87356321839081,24.71264367816092,0.0,53.216374269005854,46.783625730994146,0.0,3.4482758620689653
LK Haßberge,9674,LK,Bayern,37.03703703703704,37.03703703703704,25.925925925925924,0.0,51.92307692307693,48.07692307692308,0.0,3.7037037037037033
LK Heidekreis,3358,LK,Niedersachsen,36.986301369863014,43.83561643835616,19.17808219178082,0.0,50.70422535211267,49.29577464788733,0.0,2.73972602739726
LK Heidenheim,8135,LK,Baden-Württemberg,34.5703125,33.3984375,31.640625,0.390625,51.75202156334232,48.24797843665768,0.0,7.8125
LK Heilbronn,8125,LK,Baden-Württemberg,25.026511134676564,43.584305408271476,31.38918345705196,0.0,51.77914110429448,48.22085889570552,0.0,4.3478260869565215
LK Heinsberg,5370,LK,Nordrhein-Westfalen,27.152667723190703,42.04965662968833,30.744849445324878,0.05282620179609086,50.56553559547572,49.36793080505655,0.0665335994677312,3.6978341257263603
LK Helmstedt,3154,LK,Niedersachsen,30.49645390070922,46.09929078014184,22.69503546099291,0.7092198581560284,49.122807017543856,50.877192982456144,0.0,0.7092198581560284
LK Herford,5758,LK,Nordrhein-Westfalen,29.909365558912388,46.52567975830816,23.564954682779458,0.0,52.94117647058824,47.05882352941176,0.0,2.1148036253776437
LK Hersfeld-Rotenburg,6632,LK,Hessen,20.346320346320347,41.99134199134199,37.66233766233766,0.0,55.483870967741936,44.516129032258064,0.0,9.523809523809524
LK Herzogtum Lauenburg,1053,LK,Schleswig-Holstein,28.67924528301887,44.528301886792455,26.79245283018868,0.0,53.87755102040816,46.12244897959184,0.0,6.037735849056604
LK Hildburghausen,16069,LK,Thüringen,19.642857142857142,55.35714285714286,25.0,0.0,52.0,48.0,0.0,1.7857142857142856
LK Hildesheim,3254,LK,Niedersachsen,31.82957393483709,48.1203007518797,20.050125313283207,0.0,47.77777777777778,52.22222222222223,0.0,1.5037593984962405
LK Hochsauerlandkreis,5958,LK,Nordrhein-Westfalen,27.42200328407225,40.558292282430216,32.01970443349754,0.0,53.61216730038023,46.38783269961977,0.0,2.7914614121510675
LK Hochtaunuskreis,6434,LK,Hessen,21.403508771929825,50.877192982456144,27.719298245614034,0.0,51.908396946564885,48.091603053435115,0.0,1.7543859649122806
LK Hof,9475,LK,Bayern,25.586854460093893,37.558685446009385,36.85446009389671,0.0,54.871794871794876,45.12820512820513,0.0,7.511737089201878
LK Hohenlohekreis,8126,LK,Baden-Württemberg,20.51948051948052,39.48051948051948,39.61038961038961,0.38961038961038963,51.985559566786996,48.014440433213,0.0,6.103896103896104
LK Holzminden,3255,LK,Niedersachsen,17.92452830188679,32.075471698113205,50.0,0.0,62.76595744680851,37.234042553191486,0.0,6.60377358490566
LK Höxter,5762,LK,Nordrhein-Westfalen,21.38888888888889,41.94444444444444,36.666666666666664,0.0,54.51713395638629,45.482866043613704,0.0,4.722222222222222
LK Ilm-Kreis,16070,LK,Thüringen,22.22222222222222,44.44444444444444,33.33333333333333,0.0,48.0,52.0,0.0,4.444444444444445
LK Jerichower Land,15086,LK,Sachsen-Anhalt,18.181818181818183,51.515151515151516,30.303030303030305,0.0,45.45454545454545,54.54545454545454,0.0,6.0606060606060606
LK Kaiserslautern,7335,LK,Rheinland-Pfalz,36.27450980392157,45.09803921568628,18.627450980392158,0.0,56.00000000000001,44.0,0.0,0.0
LK Karlsruhe,8215,LK,Baden-Württemberg,21.406411582213032,39.40020682523268,39.193381592554296,0.0,53.51351351351351,46.48648648648649,0.0,8.169596690796277
LK Kassel,6633,LK,Hessen,23.697916666666664,42.1875,34.11458333333333,0.0,53.779069767441854,46.22093023255814,0.0,7.291666666666667
LK Kelheim,9273,LK,Bayern,26.185101580135438,43.792325056433405,30.02257336343115,0.0,54.59317585301837,45.40682414698163,0.0,7.900677200902935
LK Kitzingen,9675,LK,Bayern,42.40837696335078,30.36649214659686,26.701570680628272,0.5235602094240838,50.0,50.0,0.0,1.5706806282722512
LK Kleve,5154,LK,Nordrhein-Westfalen,25.581395348837212,45.00683994528043,28.59097127222982,0.8207934336525308,52.264808362369344,47.73519163763066,0.0,4.924760601915184
LK Konstanz,8335,LK,Baden-Württemberg,30.257510729613735,44.4206008583691,25.321888412017167,0.0,50.0,50.0,0.0,3.2188841201716736
LK Kronach,9476,LK,Bayern,29.936305732484076,47.77070063694268,22.29299363057325,0.0,54.0,45.33333333333333,0.6666666666666667,1.910828025477707
LK Kulmbach,9477,LK,Bayern,33.33333333333333,42.79835390946502,23.868312757201647,0.0,54.741379310344826,45.258620689655174,0.0,4.526748971193416
LK Kusel,7336,LK,Rheinland-Pfalz,27.77777777777778,56.666666666666664,15.555555555555555,0.0,41.46341463414634,58.536585365853654,0.0,1.1111111111111112
LK Kyffhäuserkreis,16065,LK,Thüringen,26.666666666666668,55.55555555555556,17.77777777777778,0.0,48.888888888888886,51.11111111111111,0.0,0.0
LK Lahn-Dill-Kreis,6532,LK,Hessen,20.99125364431487,49.27113702623907,29.737609329446062,0.0,55.5921052631579,44.40789473684211,0.0,5.247813411078718
LK Landsberg a.Lech,9181,LK,Bayern,35.06849315068493,41.917808219178085,23.013698630136986,0.0,48.07692307692308,51.92307692307693,0.0,2.73972602739726
LK Landshut,9274,LK,Bayern,23.476968796433876,36.99851411589896,39.524517087667164,0.0,52.54237288135594,47.45762711864407,0.0,4.3090638930163445
LK Leer,3457,LK,Niedersachsen,25.0,43.57142857142857,31.428571428571427,0.0,47.368421052631575,52.63157894736842,0.0,2.142857142857143
LK Leipzig,14729,LK,Sachsen,24.870466321243523,48.704663212435236,26.42487046632124,0.0,50.595238095238095,49.404761904761905,0.0,2.072538860103627
LK Lichtenfels,9478,LK,Bayern,29.411764705882355,38.4083044982699,32.17993079584775,0.0,55.03875968992248,44.96124031007752,0.0,5.190311418685121
LK Limburg-Weilburg,6533,LK,Hessen,32.8719723183391,44.29065743944637,22.837370242214533,0.0,50.184501845018445,49.815498154981555,0.0,2.0761245674740483
LK Lindau,9776,LK,Bayern,33.75,41.25,25.0,0.0,47.3170731707317,52.6829268292683,0.0,3.3333333333333335
LK Lippe,5766,LK,Nordrhein-Westfalen,28.49462365591398,41.12903225806452,30.376344086021508,0.0,54.55974842767296,45.44025157232704,0.0,3.8978494623655915
LK Ludwigsburg,8118,LK,Baden-Württemberg,25.056561085972852,41.911764705882355,33.03167420814479,0.0,50.48543689320388,49.44521497919556,0.06934812760055478,4.072398190045249
LK Ludwigslust-Parchim,13076,LK,Mecklenburg-Vorpommern,30.0,37.5,32.5,0.0,40.78947368421053,59.210526315789465,0.0,2.5
LK Lörrach,8336,LK,Baden-Württemberg,20.87087087087087,40.24024024024024,38.88888888888889,0.0,52.24625623960066,47.42096505823628,0.33277870216306155,8.85885885885886
LK Lüchow-Dannenberg,3354,LK,Niedersachsen,15.789473684210526,31.57894736842105,52.63157894736842,0.0,63.1578947368421,36.84210526315789,0.0,15.789473684210526
LK Lüneburg,3355,LK,Niedersachsen,49.70414201183432,39.64497041420118,10.650887573964498,0.0,48.717948717948715,51.28205128205128,0.0,0.0
LK Main-Kinzig-Kreis,6435,LK,Hessen,28.47769028871391,40.813648293963254,30.577427821522306,0.13123359580052493,54.46428571428571,45.535714285714285,0.0,5.774278215223097
LK Main-Spessart,9677,LK,Bayern,33.97435897435898,38.46153846153847,27.564102564102566,0.0,53.06122448979592,46.93877551020408,0.0,3.8461538461538463
LK Main-Tauber-Kreis,8128,LK,Baden-Württemberg,25.252525252525253,45.707070707070706,29.040404040404038,0.0,51.16959064327485,48.24561403508772,0.5847953216374269,2.525252525252525
LK Main-Taunus-Kreis,6436,LK,Hessen,21.282798833819243,50.72886297376093,27.988338192419825,0.0,48.97959183673469,50.68027210884354,0.3401360544217687,3.7900874635568513
LK Mainz-Bingen,7339,LK,Rheinland-Pfalz,26.107226107226104,38.92773892773892,34.4988344988345,0.4662004662004662,52.57731958762887,47.16494845360825,0.25773195876288657,5.827505827505827
LK Mansfeld-Südharz,15087,LK,Sachsen-Anhalt,33.9622641509434,33.9622641509434,32.075471698113205,0.0,47.91666666666667,52.083333333333336,0.0,3.7735849056603774
LK Marburg-Biedenkopf,6534,LK,Hessen,29.230769230769234,49.23076923076923,21.53846153846154,0.0,50.83798882681564,49.162011173184354,0.0,1.5384615384615385
LK Mayen-Koblenz,7137,LK,Rheinland-Pfalz,17.008797653958943,42.81524926686217,39.29618768328446,0.8797653958944283,48.20717131474104,51.39442231075697,0.398406374501992,4.105571847507331
LK Mecklenburgische Seenplatte,13071,LK,Mecklenburg-Vorpommern,29.03225806451613,43.54838709677419,27.419354838709676,0.0,50.442477876106196,49.557522123893804,0.0,2.4193548387096775
LK Meißen,14627,LK,Sachsen,22.317596566523605,43.34763948497854,34.33476394849785,0.0,59.388646288209614,40.61135371179039,0.0,8.15450643776824
LK Merzig-Wadern,10042,LK,Saarland,27.884615384615387,41.34615384615385,30.76923076923077,0.0,54.088050314465406,45.911949685534594,0.0,0.9615384615384616
LK Mettmann,5158,LK,Nordrhein-Westfalen,24.559585492227978,40.829015544041454,34.61139896373057,0.0,52.496954933008524,47.503045066991476,0.0,8.186528497409325
LK Miesbach,9182,LK,Bayern,25.299145299145298,49.743589743589745,24.957264957264957,0.0,48.3739837398374,51.6260162601626,0.0,1.8803418803418803
LK Miltenberg,9676,LK,Bayern,28.2312925170068,47.61904761904761,24.149659863945576,0.0,50.179211469534046,49.82078853046595,0.0,1.7006802721088436
LK Minden-Lübbecke,5770,LK,Nordrhein-Westfalen,26.272912423625254,46.02851323828921,27.698574338085542,0.0,49.88066825775656,50.11933174224343,0.0,2.240325865580448
LK Mittelsachsen,14522,LK,Sachsen,21.875,47.65625,30.46875,0.0,58.97435897435898,41.02564102564102,0.0,3.515625
LK Märkisch-Oderland,12064,LK,Brandenburg,31.896551724137932,47.41379310344828,20.689655172413794,0.0,47.66355140186916,52.336448598130836,0.0,1.7241379310344827
LK Märkischer Kreis,5962,LK,Nordrhein-Westfalen,25.9567387687188,46.25623960066555,27.787021630615637,0.0,51.78907721280602,48.21092278719397,0.0,4.9916805324459235
LK Mühldorf a.Inn,9183,LK,Bayern,31.32530120481928,35.34136546184739,33.33333333333333,0.0,54.5662100456621,45.4337899543379,0.0,5.421686746987952
LK München,9184,LK,Bayern,29.15472779369627,42.550143266475644,28.223495702005728,0.07163323782234957,48.165869218500795,48.644338118022326,3.1897926634768736,5.157593123209169
LK Neckar-Odenwald-Kreis,8225,LK,Baden-Württemberg,24.31818181818182,41.590909090909086,34.090909090909086,0.0,51.392405063291136,48.60759493670886,0.0,4.772727272727273
LK Neu-Ulm,9775,LK,Bayern,25.46728971962617,36.68224299065421,37.850467289719624,0.0,50.72463768115942,49.275362318840585,0.0,6.074766355140187
LK Neuburg-Schrobenhausen,9185,LK,Bayern,30.513595166163142,41.08761329305136,28.3987915407855,0.0,53.55648535564853,45.60669456066946,0.8368200836820083,4.229607250755287
LK Neumarkt i.d.OPf.,9373,LK,Bayern,31.758530183727036,38.320209973753286,29.92125984251969,0.0,53.74149659863946,46.25850340136054,0.0,3.937007874015748
LK Neunkirchen,10043,LK,Saarland,25.096525096525095,42.084942084942085,32.818532818532816,0.0,52.63157894736842,45.933014354066984,1.4354066985645932,3.861003861003861
LK Neustadt a.d.Aisch-Bad Windsheim,9575,LK,Bayern,26.446280991735538,47.5206611570248,26.033057851239672,0.0,51.813471502590666,48.18652849740933,0.0,2.479338842975207
LK Neustadt a.d.Waldnaab,9374,LK,Bayern,22.954822954822955,37.48473748473749,39.56043956043956,0.0,50.70422535211267,49.29577464788733,0.0,8.669108669108669
LK Neuwied,7138,LK,Rheinland-Pfalz,25.70093457943925,45.32710280373832,27.102803738317753,1.8691588785046727,43.57142857142857,46.42857142857143,10.0,1.8691588785046727
LK Nienburg (Weser),3256,LK,Niedersachsen,24.324324324324326,48.64864864864865,27.027027027027028,0.0,49.29577464788733,50.70422535211267,0.0,5.405405405405405
LK Nordfriesland,1054,LK,Schleswig-Holstein,39.325842696629216,35.95505617977528,24.719101123595504,0.0,55.294117647058826,44.70588235294118,0.0,1.1235955056179776
LK Nordhausen,16062,LK,Thüringen,25.0,54.6875,20.3125,0.0,45.3125,54.6875,0.0,3.125
LK Nordsachsen,14730,LK,Sachsen,29.577464788732392,50.70422535211267,19.718309859154928,0.0,49.03846153846153,50.96153846153846,0.0,0.0
LK Nordwestmecklenburg,13074,LK,Mecklenburg-Vorpommern,31.645569620253166,45.56962025316456,22.78481012658228,0.0,47.2972972972973,52.702702702702695,0.0,1.2658227848101267
LK Northeim,3155,LK,Niedersachsen,29.838709677419356,38.70967741935484,31.451612903225808,0.0,52.10084033613446,47.05882352941176,0.8403361344537815,4.032258064516129
LK Nürnberger Land,9574,LK,Bayern,22.88,43.519999999999996,33.6,0.0,52.886405959031656,46.927374301675975,0.186219739292365,7.199999999999999
LK Oberallgäu,9780,LK,Bayern,27.472527472527474,48.35164835164835,24.175824175824175,0.0,51.41242937853108,48.58757062146893,0.0,3.8461538461538463
LK Oberbergischer Kreis,5374,LK,Nordrhein-Westfalen,26.3265306122449,44.69387755102041,28.97959183673469,0.0,52.50596658711218,47.49403341288782,0.0,3.6734693877551026
LK Oberhavel,12065,LK,Brandenburg,39.80891719745223,42.038216560509554,18.152866242038215,0.0,44.96124031007752,55.03875968992248,0.0,2.8662420382165608
LK Oberspreewald-Lausitz,12066,LK,Brandenburg,19.607843137254903,41.17647058823529,39.21568627450981,0.0,60.0,40.0,0.0,3.9215686274509802
LK Odenwaldkreis,6437,LK,Hessen,15.970515970515969,35.62653562653563,48.402948402948404,0.0,56.30252100840336,43.69747899159664,0.0,14.987714987714988
LK Oder-Spree,12067,LK,Brandenburg,24.242424242424242,52.27272727272727,23.484848484848484,0.0,49.21875,50.78125,0.0,1.5151515151515151
LK Offenbach,6438,LK,Hessen,27.027027027027028,41.81240063593005,31.160572337042925,0.0,48.95833333333333,51.041666666666664,0.0,6.359300476947535
LK Oldenburg,3458,LK,Niedersachsen,25.892857142857146,39.285714285714285,34.82142857142857,0.0,56.59340659340659,43.40659340659341,0.0,6.25
LK Olpe,5966,LK,Nordrhein-Westfalen,21.855345911949687,42.61006289308176,35.53459119496855,0.0,58.076225045372055,41.92377495462795,0.0,8.80503144654088
LK Ortenaukreis,8317,LK,Baden-Württemberg,18.28761429758936,41.64588528678304,40.0665004156276,0.0,56.89488910318226,43.10511089681774,0.0,10.30756442227764
LK Osnabrück,3459,LK,Niedersachsen,25.33112582781457,43.87417218543047,30.79470198675497,0.0,53.37620578778135,46.08788853161844,0.5359056806002144,5.132450331125828
LK Ostalbkreis,8136,LK,Baden-Württemberg,42.020497803806734,35.94436310395315,22.035139092240115,0.0,48.724489795918366,50.38265306122449,0.8928571428571428,2.635431918008785
LK Ostallgäu,9777,LK,Bayern,25.646123260437374,36.58051689860835,37.77335984095427,0.0,51.89309576837417,47.88418708240535,0.22271714922048996,7.75347912524851
LK Osterholz,3356,LK,Niedersachsen,29.09090909090909,43.63636363636363,27.27272727272727,0.0,54.20560747663551,45.794392523364486,0.0,0.0
LK Ostholstein,1055,LK,Schleswig-Holstein,33.82352941176471,36.76470588235294,29.411764705882355,0.0,44.11764705882353,55.88235294117647,0.0,0.0
LK Ostprignitz-Ruppin,12068,LK,Brandenburg,39.02439024390244,45.1219512195122,15.853658536585366,0.0,47.22222222222222,52.77777777777778,0.0,0.0
LK Paderborn,5774,LK,Nordrhein-Westfalen,29.893778452200305,41.88163884673748,28.224582701062218,0.0,53.2319391634981,46.57794676806083,0.19011406844106463,5.007587253414264
LK Passau,9275,LK,Bayern,34.1421143847487,33.44887348353553,32.40901213171577,0.0,52.976190476190474,46.82539682539682,0.1984126984126984,4.506065857885615
LK Peine,3157,LK,Niedersachsen,18.79194630872483,48.322147651006716,32.88590604026846,0.0,52.94117647058824,47.05882352941176,0.0,7.38255033557047
LK Pfaffenhofen a.d.Ilm,9186,LK,Bayern,24.396782841823057,44.50402144772118,31.099195710455763,0.0,51.30434782608696,48.69565217391305,0.0,5.093833780160858
LK Pinneberg,1056,LK,Schleswig-Holstein,20.764119601328904,40.69767441860465,38.53820598006645,0.0,53.26923076923077,46.73076923076923,0.0,7.641196013289036
LK Plön,1057,LK,Schleswig-Holstein,20.833333333333336,42.5,36.666666666666664,0.0,48.717948717948715,51.28205128205128,0.0,6.666666666666667
LK Potsdam-Mittelmark,12069,LK,Brandenburg,19.816513761467892,45.68807339449542,34.31192660550459,0.1834862385321101,55.809128630705395,44.190871369294605,0.0,5.871559633027523
LK Prignitz,12070,LK,Brandenburg,0.0,64.0,36.0,0.0,70.83333333333334,29.166666666666668,0.0,0.0
LK Rastatt,8216,LK,Baden-Württemberg,22.823984526112184,47.77562862669246,29.40038684719536,0.0,45.77777777777778,54.22222222222223,0.0,3.2882011605415857
LK Ravensburg,8436,LK,Baden-Württemberg,25.806451612903224,48.2078853046595,25.985663082437277,0.0,50.63559322033898,49.36440677966102,0.0,1.4336917562724014
LK Recklinghausen,5562,LK,Nordrhein-Westfalen,32.664092664092664,42.857142857142854,24.247104247104247,0.23166023166023164,47.614410905550145,51.89873417721519,0.4868549172346641,3.011583011583012
LK Regen,9276,LK,Bayern,40.816326530612244,38.265306122448976,20.918367346938776,0.0,40.0,60.0,0.0,5.612244897959184
LK Regensburg,9375,LK,Bayern,28.45691382765531,47.69539078156313,23.847695390781563,0.0,51.32743362831859,48.67256637168141,0.0,3.006012024048096
LK Rems-Murr-Kreis,8119,LK,Baden-Württemberg,25.869702719797594,40.79696394686907,33.33333333333333,0.0,53.49264705882353,46.41544117647059,0.09191176470588235,5.566097406704618
LK Rendsburg-Eckernförde,1058,LK,Schleswig-Holstein,18.03921568627451,42.35294117647059,39.6078431372549,0.0,47.008547008547005,52.991452991452995,0.0,5.490196078431373
LK Reutlingen,8415,LK,Baden-Württemberg,20.051914341336794,39.39000648929267,40.16872160934458,0.3893575600259572,52.545629202689724,46.68587896253602,0.7684918347742555,5.191434133679429
LK Rhein-Erft-Kreis,5362,LK,Nordrhein-Westfalen,20.673952641165755,45.264116575591984,33.970856102003644,0.09107468123861566,54.20023014959724,45.56962025316456,0.23014959723820483,6.9216757741347905
LK Rhein-Hunsrück-Kreis,7140,LK,Rheinland-Pfalz,18.34319526627219,50.887573964497044,30.76923076923077,0.0,51.70068027210885,48.29931972789115,0.0,3.5502958579881656
LK Rhein-Kreis Neuss,5162,LK,Nordrhein-Westfalen,22.127659574468083,46.95035460992908,30.78014184397163,0.14184397163120568,48.717948717948715,51.28205128205128,0.0,2.8368794326241136
LK Rhein-Lahn-Kreis,7141,LK,Rheinland-Pfalz,22.0125786163522,45.911949685534594,31.446540880503143,0.628930817610063,50.98039215686274,49.01960784313725,0.0,3.7735849056603774
LK Rhein-Neckar-Kreis,8226,LK,Baden-Württemberg,27.358490566037734,43.50104821802935,29.140461215932913,0.0,49.877149877149876,50.122850122850124,0.0,3.9832285115303985
LK Rhein-Pfalz-Kreis,7338,LK,Rheinland-Pfalz,29.87551867219917,46.88796680497925,22.821576763485478,0.4149377593360996,53.88127853881278,46.118721461187214,0.0,2.0746887966804977
LK Rhein-Sieg-Kreis,5382,LK,Nordrhein-Westfalen,31.137309292649096,41.123439667128984,27.392510402219138,0.34674063800277394,51.67652859960552,47.83037475345168,0.4930966469428008,3.3287101248266295
LK Rheingau-Taunus-Kreis,6439,LK,Hessen,28.278688524590162,47.950819672131146,23.770491803278688,0.0,48.458149779735685,51.541850220264315,0.0,2.0491803278688523
LK Rheinisch-Bergischer Kreis,5378,LK,Nordrhein-Westfalen,22.60127931769723,48.40085287846482,28.997867803837952,0.0,51.674641148325364,48.32535885167464,0.0,4.477611940298507
LK Rhön-Grabfeld,9673,LK,Bayern,34.5360824742268,38.659793814432994,26.804123711340207,0.0,49.19786096256685,50.80213903743316,0.0,3.0927835051546393
LK Rosenheim,9187,LK,Bayern,26.262626262626267,38.91084760649978,34.82652613087396,0.0,53.446115288220554,46.553884711779446,0.0,8.344312692138779
LK Rostock,13072,LK,Mecklenburg-Vorpommern,30.666666666666664,49.333333333333336,20.0,0.0,46.666666666666664,53.333333333333336,0.0,4.0
LK Rotenburg (Wümme),3357,LK,Niedersachsen,26.605504587155966,52.293577981651374,21.100917431192663,0.0,45.19230769230769,54.807692307692314,0.0,1.834862385321101
LK Roth,9576,LK,Bayern,31.615120274914087,43.986254295532646,24.398625429553263,0.0,53.7117903930131,46.288209606986904,0.0,2.405498281786942
LK Rottal-Inn,9277,LK,Bayern,21.00954979536153,44.065484311050476,34.924965893587995,0.0,55.16129032258065,44.83870967741935,0.0,6.139154160982264
LK Rottweil,8325,LK,Baden-Württemberg,28.783382789317507,43.02670623145401,28.18991097922849,0.0,49.75206611570248,50.247933884297524,0.0,3.7091988130563793
LK Saale-Holzland-Kreis,16074,LK,Thüringen,25.0,43.05555555555556,31.944444444444443,0.0,56.25,43.75,0.0,4.166666666666666
LK Saale-Orla-Kreis,16075,LK,Thüringen,16.10738255033557,36.91275167785235,46.97986577181208,0.0,62.96296296296296,37.03703703703704,0.0,8.053691275167784
LK Saalekreis,15088,LK,Sachsen-Anhalt,19.230769230769234,47.69230769230769,33.07692307692307,0.0,48.78048780487805,51.21951219512195,0.0,5.384615384615385
LK Saalfeld-Rudolstadt,16073,LK,Thüringen,18.30985915492958,46.478873239436616,35.2112676056338,0.0,51.470588235294116,48.529411764705884,0.0,0.0
LK Saar-Pfalz-Kreis,10045,LK,Saarland,28.428093645484946,45.1505016722408,26.421404682274247,0.0,49.063670411985015,50.936329588014985,0.0,5.68561872909699
LK Saarlouis,10044,LK,Saarland,29.014598540145986,40.51094890510949,30.474452554744524,0.0,53.15126050420168,46.84873949579832,0.0,4.197080291970803
LK Salzlandkreis,15089,LK,Sachsen-Anhalt,16.176470588235293,45.588235294117645,38.23529411764706,0.0,48.4375,51.5625,0.0,0.0
LK Sankt Wendel,10046,LK,Saarland,26.34730538922156,52.09580838323353,21.55688622754491,0.0,50.33557046979866,49.664429530201346,0.0,2.9940119760479043
LK Schaumburg,3257,LK,Niedersachsen,19.875776397515526,52.17391304347826,27.95031055900621,0.0,50.0,50.0,0.0,4.3478260869565215
LK Schleswig-Flensburg,1059,LK,Schleswig-Holstein,24.358974358974358,40.38461538461539,35.256410256410255,0.0,57.74647887323944,42.25352112676056,0.0,2.564102564102564
LK Schmalkalden-Meiningen,16066,LK,Thüringen,26.618705035971225,45.32374100719424,28.05755395683453,0.0,52.27272727272727,47.72727272727273,0.0,2.158273381294964
LK Schwalm-Eder-Kreis,6634,LK,Hessen,25.572519083969464,41.221374045801525,33.20610687022901,0.0,53.96825396825397,46.03174603174603,0.0,6.870229007633588
LK Schwandorf,9376,LK,Bayern,25.691699604743086,43.08300395256917,31.225296442687743,0.0,53.21100917431193,46.559633027522935,0.22935779816513763,3.7549407114624502
LK Schwarzwald-Baar-Kreis,8326,LK,Baden-Württemberg,24.377224199288257,41.81494661921708,33.80782918149466,0.0,52.362204724409445,47.63779527559055,0.0,5.338078291814947
LK Schweinfurt,9678,LK,Bayern,38.32684824902724,35.40856031128405,26.26459143968872,0.0,54.3010752688172,45.69892473118279,0.0,4.863813229571985
LK Schwäbisch Hall,8127,LK,Baden-Württemberg,24.249422632794456,38.68360277136259,37.06697459584296,0.0,50.77922077922078,49.22077922077922,0.0,6.697459584295612
LK Segeberg,1060,LK,Schleswig-Holstein,22.727272727272727,51.21212121212121,25.757575757575758,0.30303030303030304,47.50830564784053,52.49169435215947,0.0,1.5151515151515151
LK Siegen-Wittgenstein,5970,LK,Nordrhein-Westfalen,31.210191082802545,40.445859872611464,28.343949044585987,0.0,53.42465753424658,46.23287671232877,0.3424657534246575,2.547770700636943
LK Sigmaringen,8437,LK,Baden-Württemberg,25.128865979381445,47.551546391752574,27.31958762886598,0.0,53.004622496147924,46.84129429892142,0.15408320493066258,4.381443298969072
LK Soest,5974,LK,Nordrhein-Westfalen,23.626373626373624,50.0,26.373626373626376,0.0,46.2962962962963,53.70370370370371,0.0,2.197802197802198
LK Sonneberg,16072,LK,Thüringen,20.967741935483872,35.88709677419355,43.145161290322584,0.0,57.80590717299579,42.19409282700422,0.0,6.854838709677419
LK Spree-Neiße,12071,LK,Brandenburg,32.8125,43.75,23.4375,0.0,37.704918032786885,62.295081967213115,0.0,0.0
LK Stade,3359,LK,Niedersachsen,35.74660633484163,44.34389140271493,19.90950226244344,0.0,53.431372549019606,46.568627450980394,0.0,3.619909502262444
LK Stadtverband Saarbrücken,10041,LK,Saarland,21.683876092136618,33.677521842732325,44.63860206513105,0.0,52.088167053364266,43.38747099767982,4.524361948955916,8.657664813343924
LK Starnberg,9188,LK,Bayern,32.899628252788105,44.795539033457246,22.304832713754646,0.0,47.699757869249396,52.300242130750604,0.0,2.41635687732342
LK Steinburg,1061,LK,Schleswig-Holstein,38.764044943820224,43.258426966292134,17.415730337078653,0.5617977528089888,48.717948717948715,51.28205128205128,0.0,1.6853932584269662
LK Steinfurt,5566,LK,Nordrhein-Westfalen,28.11094452773613,44.377811094452774,27.436281859070466,0.07496251874062969,52.430196483971045,47.46639089968976,0.1034126163391934,6.071964017991005
LK Stendal,15090,LK,Sachsen-Anhalt,22.429906542056074,45.794392523364486,31.775700934579437,0.0,53.535353535353536,46.464646464646464,0.0,5.607476635514018
LK Stormarn,1062,LK,Schleswig-Holstein,22.48803827751196,37.79904306220095,39.71291866028708,0.0,55.182072829131656,44.81792717086835,0.0,7.655502392344498
LK Straubing-Bogen,9278,LK,Bayern,26.860254083484573,43.01270417422868,30.127041742286753,0.0,56.118143459915615,43.88185654008439,0.0,5.081669691470054
LK Sächsische Schweiz-Osterzgebirge,14628,LK,Sachsen,25.839793281653744,42.377260981912144,31.782945736434108,0.0,55.769230769230774,44.230769230769226,0.0,0.516795865633075
LK Sömmerda,16068,LK,Thüringen,29.72972972972973,48.64864864864865,21.62162162162162,0.0,35.13513513513514,64.86486486486487,0.0,2.7027027027027026
LK Südliche Weinstraße,7337,LK,Rheinland-Pfalz,23.841059602649008,53.64238410596026,22.516556291390728,0.0,50.36496350364964,49.63503649635037,0.0,1.9867549668874174
LK Südwestpfalz,7340,LK,Rheinland-Pfalz,30.18867924528302,40.56603773584906,29.245283018867923,0.0,53.333333333333336,46.666666666666664,0.0,2.8301886792452833
LK Teltow-Fläming,12072,LK,Brandenburg,19.594594594594593,50.67567567567568,29.72972972972973,0.0,54.81481481481482,45.18518518518518,0.0,8.108108108108109
LK Tirschenreuth,9377,LK,Bayern,19.43711521547933,36.49956024626209,44.06332453825858,0.0,56.733828207847296,43.16012725344645,0.10604453870625664,12.313104661389621
LK Traunstein,9189,LK,Bayern,29.832572298325722,37.823439878234396,32.26788432267884,0.076103500761035,51.09689213893967,48.90310786106033,0.0,6.621004566210045
LK Trier-Saarburg,7235,LK,Rheinland-Pfalz,23.97959183673469,45.40816326530612,30.612244897959183,0.0,56.613756613756614,43.386243386243386,0.0,4.081632653061225
LK Tuttlingen,8327,LK,Baden-Württemberg,24.6031746031746,41.46825396825397,33.92857142857143,0.0,49.88662131519274,50.11337868480725,0.0,4.166666666666666
LK Tübingen,8416,LK,Baden-Württemberg,28.649068322981368,39.51863354037267,31.832298136645964,0.0,54.91559086395233,44.98510427010923,0.09930486593843098,4.580745341614907
LK Uckermark,12073,LK,Brandenburg,16.216216216216218,37.83783783783784,45.94594594594595,0.0,59.45945945945946,40.54054054054054,0.0,5.405405405405405
LK Uelzen,3360,LK,Niedersachsen,37.2093023255814,39.53488372093023,23.25581395348837,0.0,52.38095238095239,47.61904761904761,0.0,0.0
LK Unna,5978,LK,Nordrhein-Westfalen,23.668639053254438,38.6094674556213,36.98224852071006,0.7396449704142012,56.11015490533563,43.71772805507745,0.17211703958691912,5.473372781065089
LK Unstrut-Hainich-Kreis,16064,LK,Thüringen,9.63855421686747,51.80722891566265,38.55421686746988,0.0,52.4390243902439,47.5609756097561,0.0,2.4096385542168677
LK Unterallgäu,9778,LK,Bayern,31.73431734317343,35.05535055350554,33.210332103321036,0.0,53.24074074074075,46.75925925925926,0.0,5.166051660516605
LK Vechta,3460,LK,Niedersachsen,30.061349693251532,38.036809815950924,31.901840490797547,0.0,45.562130177514796,54.437869822485204,0.0,3.067484662576687
LK Verden,3361,LK,Niedersachsen,34.285714285714285,42.857142857142854,22.857142857142858,0.0,42.2360248447205,55.90062111801242,1.8633540372670807,1.1428571428571428
LK Viersen,5166,LK,Nordrhein-Westfalen,22.925457102672294,41.77215189873418,35.16174402250351,0.14064697609001406,51.61290322580645,48.38709677419355,0.0,5.063291139240507
LK Vogelsbergkreis,6535,LK,Hessen,28.92561983471074,48.760330578512395,22.31404958677686,0.0,50.43478260869565,49.56521739130435,0.0,4.132231404958678
LK Vogtlandkreis,14523,LK,Sachsen,21.413721413721415,41.995841995842,36.590436590436596,0.0,60.24096385542169,39.75903614457831,0.0,3.118503118503119
LK Vorpommern-Greifswald,13075,LK,Mecklenburg-Vorpommern,21.73913043478261,31.88405797101449,46.3768115942029,0.0,53.78151260504202,45.378151260504204,0.8403361344537815,5.072463768115942
LK Vorpommern-Rügen,13073,LK,Mecklenburg-Vorpommern,23.75,43.75,32.5,0.0,49.35064935064935,50.649350649350644,0.0,2.5
LK Vulkaneifel,7233,LK,Rheinland-Pfalz,24.576271186440678,38.13559322033898,37.28813559322034,0.0,48.484848484848484,51.515151515151516,0.0,4.23728813559322
LK Waldeck-Frankenberg,6635,LK,Hessen,23.837209302325583,49.41860465116279,26.744186046511626,0.0,51.24999999999999,48.75,0.0,2.9069767441860463
LK Waldshut,8337,LK,Baden-Württemberg,18.387096774193548,36.45161290322581,45.16129032258064,0.0,58.02047781569966,41.979522184300336,0.0,11.29032258064516
LK Warendorf,5570,LK,Nordrhein-Westfalen,24.949698189134807,44.26559356136821,30.784708249496983,0.0,45.18950437317784,54.81049562682215,0.0,4.0241448692152915
LK Wartburgkreis,16063,LK,Thüringen,20.0,52.0,28.000000000000004,0.0,52.85714285714286,47.14285714285714,0.0,2.666666666666667
LK Weilheim-Schongau,9190,LK,Bayern,32.0,45.42857142857143,22.57142857142857,0.0,45.48494983277592,54.515050167224075,0.0,0.8571428571428572
LK Weimarer Land,16071,LK,Thüringen,12.32876712328767,45.20547945205479,42.465753424657535,0.0,54.54545454545454,45.45454545454545,0.0,5.47945205479452
LK Weißenburg-Gunzenhausen,9577,LK,Bayern,24.47129909365559,36.5558912386707,38.972809667673715,0.0,47.30290456431535,52.69709543568465,0.0,7.552870090634441
LK Werra-Meißner-Kreis,6636,LK,Hessen,18.779342723004692,29.577464788732392,51.64319248826291,0.0,57.95454545454546,42.04545454545455,0.0,7.511737089201878
LK Wesel,5170,LK,Nordrhein-Westfalen,23.10126582278481,45.25316455696203,31.645569620253166,0.0,50.943396226415096,49.056603773584904,0.0,4.113924050632911
LK Wesermarsch,3461,LK,Niedersachsen,28.78787878787879,53.03030303030303,18.181818181818183,0.0,50.81967213114754,49.18032786885246,0.0,1.5151515151515151
LK Westerwaldkreis,7143,LK,Rheinland-Pfalz,18.005540166204987,44.04432132963989,37.95013850415512,0.0,54.14012738853503,45.54140127388535,0.3184713375796179,5.8171745152354575
LK Wetteraukreis,6440,LK,Hessen,22.590361445783135,49.39759036144578,28.012048192771083,0.0,50.967741935483865,49.03225806451613,0.0,3.614457831325301
LK Wittenberg,15091,LK,Sachsen-Anhalt,23.376623376623375,37.66233766233766,38.961038961038966,0.0,57.446808510638306,42.5531914893617,0.0,1.948051948051948
LK Wittmund,3462,LK,Niedersachsen,43.90243902439025,36.58536585365854,19.51219512195122,0.0,55.26315789473685,42.10526315789473,2.631578947368421,0.0
LK Wolfenbüttel,3158,LK,Niedersachsen,18.51851851851852,34.92063492063492,46.56084656084656,0.0,58.0246913580247,40.74074074074074,1.2345679012345678,7.4074074074074066
LK Wunsiedel i.Fichtelgebirge,9479,LK,Bayern,20.398773006134967,42.02453987730061,37.576687116564415,0.0,55.633802816901415,44.36619718309859,0.0,5.98159509202454
LK Würzburg,9679,LK,Bayern,28.8135593220339,45.036319612590795,26.150121065375302,0.0,51.97568389057751,48.02431610942249,0.0,2.1791767554479415
LK Zollernalbkreis,8417,LK,Baden-Württemberg,21.991701244813278,37.427385892116185,40.58091286307054,0.0,54.145854145854145,45.854145854145855,0.0,6.3070539419087135
LK Zwickau,14524,LK,Sachsen,21.232876712328768,39.726027397260275,39.04109589041096,0.0,56.42201834862385,43.57798165137615,0.0,5.707762557077626
LK Hannover,3241,LK,Niedersachsen,32.037691401649,42.5206124852768,25.4416961130742,0.0,49.357182783678034,47.065399664617104,3.577417551704863,4.358068315665489
SK Amberg,9361,SK,Bayern,31.76470588235294,42.35294117647059,25.882352941176475,0.0,58.333333333333336,41.66666666666667,0.0,4.705882352941177
SK Ansbach,9561,SK,Bayern,21.73913043478261,44.20289855072464,34.05797101449276,0.0,59.23076923076923,40.76923076923077,0.0,5.797101449275362
SK Aschaffenburg,9661,SK,Bayern,35.65217391304348,46.08695652173913,18.26086956521739,0.0,58.252427184466015,41.74757281553398,0.0,0.8695652173913043
SK Augsburg,9761,SK,Bayern,37.5609756097561,39.75609756097561,22.682926829268293,0.0,51.87165775401069,48.1283422459893,0.0,3.6585365853658534
SK Baden-Baden,8211,SK,Baden-Württemberg,19.021739130434785,35.869565217391305,45.108695652173914,0.0,51.11111111111111,48.888888888888886,0.0,10.326086956521738
SK Bamberg,9461,SK,Bayern,27.500000000000004,35.0,37.5,0.0,55.494505494505496,43.956043956043956,0.5494505494505495,10.0
SK Bayreuth,9462,SK,Bayern,30.952380952380953,32.857142857142854,36.19047619047619,0.0,52.52525252525253,47.474747474747474,0.0,5.714285714285714
SK Berlin,11000,SK,Berlin,36.458931648477886,40.60884549109707,22.903503733486502,0.02871912693854107,49.968152866242036,49.98407643312102,0.04777070063694268,2.886272257323377
SK Bielefeld,5711,SK,Nordrhein-Westfalen,36.54320987654321,45.925925925925924,17.530864197530864,0.0,45.83333333333333,53.40909090909091,0.7575757575757576,1.2345679012345678
SK Bochum,5911,SK,Nordrhein-Westfalen,36.101083032490976,42.057761732851986,21.841155234657037,0.0,48.484848484848484,51.515151515151516,0.0,3.2490974729241873
SK Bonn,5314,SK,Nordrhein-Westfalen,42.027027027027025,39.86486486486486,18.10810810810811,0.0,46.97452229299363,52.70700636942676,0.3184713375796179,1.0810810810810811
SK Bottrop,5512,SK,Nordrhein-Westfalen,31.03448275862069,41.87192118226601,27.093596059113302,0.0,49.72972972972973,50.27027027027027,0.0,3.4482758620689653
SK Brandenburg a.d.Havel,12051,SK,Brandenburg,40.98360655737705,40.98360655737705,18.0327868852459,0.0,56.896551724137936,43.103448275862064,0.0,0.0
SK Braunschweig,3101,SK,Niedersachsen,26.283987915407852,39.87915407854985,33.8368580060423,0.0,55.37459283387622,44.62540716612378,0.0,5.13595166163142
SK Bremen,4011,SK,Bremen,45.022288261515605,35.73551263001486,19.242199108469542,0.0,47.821782178217816,52.07920792079208,0.09900990099009901,2.8974739970282317
SK Bremerhaven,4012,SK,Bremen,43.11377245508982,31.736526946107784,25.149700598802394,0.0,57.534246575342465,42.465753424657535,0.0,2.9940119760479043
SK Chemnitz,14511,SK,Sachsen,24.75728155339806,47.0873786407767,28.155339805825243,0.0,55.10204081632652,44.89795918367347,0.0,2.912621359223301
SK Coburg,9463,SK,Bayern,35.869565217391305,38.04347826086957,26.08695652173913,0.0,48.38709677419355,51.61290322580645,0.0,1.0869565217391304
SK Cottbus,12052,SK,Brandenburg,28.205128205128204,38.46153846153847,33.33333333333333,0.0,36.84210526315789,63.1578947368421,0.0,0.0
SK Darmstadt,6411,SK,Hessen,33.78378378378378,30.630630630630627,35.585585585585584,0.0,50.0,50.0,0.0,8.108108108108109
SK Delmenhorst,3401,SK,Niedersachsen,31.645569620253166,45.56962025316456,22.78481012658228,0.0,40.845070422535215,57.74647887323944,1.4084507042253522,3.79746835443038
SK Dessau-Roßlau,15001,SK,Sachsen-Anhalt,21.21212121212121,45.45454545454545,33.33333333333333,0.0,53.2258064516129,46.774193548387096,0.0,3.0303030303030303
SK Dortmund,5913,SK,Nordrhein-Westfalen,31.380208333333332,45.57291666666667,23.046875,0.0,44.3609022556391,55.639097744360896,0.0,0.78125
SK Dresden,14612,SK,Sachsen,37.19806763285024,41.86795491143317,20.933977455716587,0.0,47.32965009208103,52.67034990791897,0.0,1.610305958132045
SK Duisburg,5112,SK,Nordrhein-Westfalen,32.0957095709571,40.01650165016501,27.805280528052805,0.08250825082508251,51.61290322580645,48.28934506353861,0.09775171065493646,4.62046204620462
SK Düsseldorf,5111,SK,Nordrhein-Westfalen,35.72395128552097,42.42219215155616,21.853856562922868,0.0,48.547008547008545,51.45299145299145,0.0,2.2327469553450605
SK Eisenach,16056,SK,Thüringen,17.857142857142858,28.57142857142857,53.57142857142857,0.0,64.28571428571429,35.714285714285715,0.0,7.142857142857142
SK Emden,3402,SK,Niedersachsen,10.526315789473683,47.368421052631575,42.10526315789473,0.0,63.1578947368421,36.84210526315789,0.0,0.0
SK Erfurt,16051,SK,Thüringen,35.507246376811594,41.30434782608695,23.18840579710145,0.0,49.61832061068702,50.38167938931297,0.0,1.4492753623188406
SK Erlangen,9562,SK,Bayern,40.0,38.07692307692307,21.923076923076923,0.0,50.0,50.0,0.0,4.230769230769231
SK Essen,5113,SK,Nordrhein-Westfalen,26.46048109965636,41.1225658648339,32.416953035509735,0.0,50.233281493001556,49.766718506998444,0.0,4.696449026345934
SK Flensburg,1001,SK,Schleswig-Holstein,35.714285714285715,38.095238095238095,26.190476190476193,0.0,48.78048780487805,51.21951219512195,0.0,7.142857142857142
SK Frankenthal,7311,SK,Rheinland-Pfalz,47.72727272727273,29.545454545454547,20.454545454545457,2.272727272727273,45.45454545454545,54.54545454545454,0.0,4.545454545454546
SK Frankfurt (Oder),12053,SK,Brandenburg,40.0,43.333333333333336,16.666666666666664,0.0,48.275862068965516,51.724137931034484,0.0,0.0
SK Frankfurt am Main,6412,SK,Hessen,33.943833943833944,42.67399267399267,23.38217338217338,0.0,48.93617021276596,50.911854103343465,0.1519756838905775,3.724053724053724
SK Freiburg i.Breisgau,8311,SK,Baden-Württemberg,32.67838676318511,37.22854188210962,30.093071354705277,0.0,55.794504181600956,44.086021505376344,0.11947431302270012,8.066184074457084
SK Fürth,9563,SK,Bayern,20.812182741116754,38.07106598984771,40.609137055837564,0.5076142131979695,52.68817204301075,47.31182795698925,0.0,8.883248730964468
SK Gelsenkirchen,5513,SK,Nordrhein-Westfalen,37.995337995338,38.22843822843823,23.543123543123542,0.2331002331002331,51.127819548872175,48.87218045112782,0.0,3.263403263403263
SK Gera,16052,SK,Thüringen,21.91235059760956,34.26294820717131,43.82470119521912,0.0,56.95652173913044,43.04347826086957,0.0,7.569721115537849
SK Hagen,5914,SK,Nordrhein-Westfalen,30.0,37.27272727272727,32.72727272727273,0.0,53.090909090909086,46.909090909090914,0.0,3.939393939393939
SK Halle,15002,SK,Sachsen-Anhalt,24.507042253521128,37.74647887323944,37.74647887323944,0.0,58.88501742160279,41.11498257839721,0.0,3.0985915492957745
SK Hamburg,2000,SK,Hamburg,32.81158286049697,40.42261788299746,26.64840540011739,0.11739385638818234,48.99230487358007,50.164895566141446,0.8427995602784902,4.969673253766387
SK Hamm,5915,SK,Nordrhein-Westfalen,23.20675105485232,37.34177215189873,39.45147679324894,0.0,51.78997613365155,48.21002386634845,0.0,7.59493670886076
SK Heidelberg,8221,SK,Baden-Württemberg,42.80936454849498,39.130434782608695,18.06020066889632,0.0,50.36231884057971,49.63768115942029,0.0,2.341137123745819
SK Heilbronn,8121,SK,Baden-Württemberg,25.171624713958813,47.82608695652174,27.002288329519452,0.0,55.643044619422575,44.35695538057743,0.0,3.6613272311212817
SK Herne,5916,SK,Nordrhein-Westfalen,33.663366336633665,45.04950495049505,21.287128712871286,0.0,46.55172413793103,53.44827586206896,0.0,0.9900990099009901
SK Hof,9464,SK,Bayern,28.169014084507044,50.70422535211267,20.422535211267608,0.7042253521126761,52.51798561151079,47.482014388489205,0.0,2.8169014084507045
SK Ingolstadt,9161,SK,Bayern,32.76231263383298,33.40471092077088,33.61884368308351,0.21413276231263384,57.03703703703704,42.96296296296296,0.0,7.708779443254818
SK Jena,16053,SK,Thüringen,50.625,35.0,14.374999999999998,0.0,46.308724832214764,53.691275167785236,0.0,1.875
SK Kaiserslautern,7312,SK,Rheinland-Pfalz,60.0,23.42857142857143,16.0,0.5714285714285714,44.65408805031446,55.34591194968554,0.0,2.857142857142857
SK Karlsruhe,8212,SK,Baden-Württemberg,31.68831168831169,43.116883116883116,25.19480519480519,0.0,46.94444444444444,52.77777777777778,0.2777777777777778,3.3766233766233764
SK Kassel,6611,SK,Hessen,44.89164086687307,35.91331269349845,19.195046439628484,0.0,49.666666666666664,50.33333333333333,0.0,2.786377708978328
SK Kaufbeuren,9762,SK,Bayern,36.93693693693694,32.432432432432435,30.630630630630627,0.0,52.336448598130836,47.66355140186916,0.0,4.504504504504505
SK Kempten,9763,SK,Bayern,26.47058823529412,36.27450980392157,37.254901960784316,0.0,50.0,50.0,0.0,9.803921568627452
SK Kiel,1002,SK,Schleswig-Holstein,32.97491039426524,34.76702508960574,32.25806451612903,0.0,56.81818181818182,43.18181818181818,0.0,3.225806451612903
SK Koblenz,7111,SK,Rheinland-Pfalz,21.292775665399237,33.460076045627375,44.48669201520912,0.7604562737642585,55.81395348837209,43.72093023255814,0.46511627906976744,6.844106463878327
SK Krefeld,5114,SK,Nordrhein-Westfalen,31.711145996860285,45.05494505494506,23.233908948194664,0.0,49.209138840070295,50.790861159929705,0.0,3.453689167974882
SK Köln,5315,SK,Nordrhein-Westfalen,32.57394084732214,45.1638689048761,22.262190247801758,0.0,50.8435136707388,49.1564863292612,0.0,3.9568345323741005
SK Landau i.d.Pfalz,7313,SK,Rheinland-Pfalz,21.428571428571427,57.14285714285714,21.428571428571427,0.0,42.592592592592595,57.407407407407405,0.0,3.571428571428571
SK Landshut,9261,SK,Bayern,36.8231046931408,38.98916967509025,24.187725631768952,0.0,42.51968503937008,57.48031496062992,0.0,3.6101083032490973
SK Leipzig,14713,SK,Sachsen,36.666666666666664,44.166666666666664,19.166666666666668,0.0,48.059149722735675,51.940850277264325,0.0,1.8333333333333333
SK Leverkusen,5316,SK,Nordrhein-Westfalen,25.6198347107438,48.760330578512395,24.793388429752067,0.8264462809917356,44.396551724137936,55.603448275862064,0.0,2.066115702479339
SK Ludwigshafen,7314,SK,Rheinland-Pfalz,52.64797507788161,36.13707165109034,10.903426791277258,0.3115264797507788,44.4015444015444,55.21235521235521,0.3861003861003861,0.6230529595015576
SK Lübeck,1003,SK,Schleswig-Holstein,41.566265060240966,39.75903614457831,18.67469879518072,0.0,51.298701298701296,48.701298701298704,0.0,0.6024096385542169
SK Magdeburg,15003,SK,Sachsen-Anhalt,38.88888888888889,45.370370370370374,15.74074074074074,0.0,47.524752475247524,52.475247524752476,0.0,0.9259259259259258
SK Mainz,7315,SK,Rheinland-Pfalz,41.75654853620955,33.89830508474576,23.26656394453005,1.078582434514638,51.39664804469274,48.60335195530726,0.0,4.006163328197227
SK Mannheim,8222,SK,Baden-Württemberg,39.630390143737166,43.3264887063655,17.04312114989733,0.0,48.01762114537445,51.98237885462555,0.0,2.2587268993839835
SK Memmingen,9764,SK,Bayern,9.803921568627452,58.82352941176471,31.372549019607842,0.0,50.0,50.0,0.0,0.0
SK Mönchengladbach,5116,SK,Nordrhein-Westfalen,33.06962025316456,34.651898734177216,32.120253164556964,0.15822784810126583,51.19047619047619,48.80952380952381,0.0,6.329113924050633
SK Mülheim a.d.Ruhr,5117,SK,Nordrhein-Westfalen,27.77777777777778,37.03703703703704,35.18518518518518,0.0,43.5,56.49999999999999,0.0,5.092592592592593
SK München,9162,SK,Bayern,37.94424019607843,40.517769607843135,21.537990196078432,0.0,49.131736526946106,50.86826347305389,0.0,3.0330882352941178
SK Münster,5515,SK,Nordrhein-Westfalen,39.50276243093923,41.16022099447514,19.337016574585636,0.0,47.68976897689769,52.310231023102304,0.0,1.7955801104972375
SK Neumünster,1004,SK,Schleswig-Holstein,39.24050632911392,43.037974683544306,17.72151898734177,0.0,44.0,56.00000000000001,0.0,2.5316455696202533
SK Neustadt a.d.Weinstraße,7316,SK,Rheinland-Pfalz,28.846153846153843,50.0,21.153846153846153,0.0,50.98039215686274,49.01960784313725,0.0,1.9230769230769231
SK Nürnberg,9564,SK,Bayern,33.70998116760829,37.75894538606403,28.53107344632768,0.0,52.25522552255225,47.74477447744774,0.0,3.8606403013182673
SK Oberhausen,5119,SK,Nordrhein-Westfalen,26.79245283018868,44.15094339622642,29.056603773584904,0.0,47.083333333333336,52.916666666666664,0.0,3.7735849056603774
SK Offenbach,6413,SK,Hessen,29.81366459627329,41.61490683229814,28.57142857142857,0.0,49.358974358974365,50.641025641025635,0.0,5.590062111801243
SK Oldenburg,3403,SK,Niedersachsen,42.10526315789473,44.44444444444444,13.450292397660817,0.0,47.2972972972973,52.702702702702695,0.0,0.5847953216374269
SK Osnabrück,3404,SK,Niedersachsen,38.52459016393443,38.31967213114754,23.15573770491803,0.0,48.081264108352144,51.46726862302483,0.4514672686230248,2.8688524590163933
SK Passau,9262,SK,Bayern,15.151515151515152,37.121212121212125,47.72727272727273,0.0,56.69291338582677,42.51968503937008,0.7874015748031495,13.636363636363635
SK Pforzheim,8231,SK,Baden-Württemberg,40.852130325814535,40.852130325814535,18.295739348370926,0.0,50.66666666666667,49.333333333333336,0.0,2.0050125313283207
SK Pirmasens,7317,SK,Rheinland-Pfalz,19.35483870967742,45.16129032258064,35.483870967741936,0.0,66.66666666666666,33.33333333333333,0.0,0.0
SK Potsdam,12054,SK,Brandenburg,33.92282958199357,34.88745980707396,31.189710610932476,0.0,56.53061224489796,43.46938775510204,0.0,7.877813504823152
SK Regensburg,9362,SK,Bayern,49.15773353751914,35.068912710566615,15.160796324655438,0.6125574272588056,48.214285714285715,51.78571428571429,0.0,1.5313935681470139
SK Remscheid,5120,SK,Nordrhein-Westfalen,25.0,38.75,35.833333333333336,0.4166666666666667,61.77777777777778,38.22222222222222,0.0,7.083333333333333
SK Rosenheim,9163,SK,Bayern,39.92172211350293,39.726027397260275,20.352250489236788,0.0,51.7162471395881,48.2837528604119,0.0,4.6966731898238745
SK Rostock,13003,SK,Mecklenburg-Vorpommern,28.57142857142857,43.87755102040816,27.55102040816326,0.0,56.043956043956044,43.956043956043956,0.0,2.0408163265306123
SK Salzgitter,3102,SK,Niedersachsen,26.20689655172414,37.24137931034483,36.55172413793103,0.0,53.73134328358209,46.26865671641791,0.0,5.517241379310345
SK Schwabach,9565,SK,Bayern,24.050632911392405,53.16455696202531,22.78481012658228,0.0,48.61111111111111,50.0,1.3888888888888888,2.5316455696202533
SK Schweinfurt,9662,SK,Bayern,33.33333333333333,32.7683615819209,33.89830508474576,0.0,55.26315789473685,44.73684210526316,0.0,10.16949152542373
SK Schwerin,13004,SK,Mecklenburg-Vorpommern,50.54945054945055,43.956043956043956,5.4945054945054945,0.0,32.53012048192771,66.26506024096386,1.2048192771084338,0.0
SK Solingen,5122,SK,Nordrhein-Westfalen,33.85826771653544,42.51968503937008,23.62204724409449,0.0,48.3739837398374,51.6260162601626,0.0,3.149606299212598
SK Speyer,7318,SK,Rheinland-Pfalz,31.03448275862069,51.724137931034484,17.24137931034483,0.0,50.0,50.0,0.0,1.1494252873563218
SK Straubing,9263,SK,Bayern,19.672131147540984,35.597189695550355,44.730679156908664,0.0,55.04087193460491,44.95912806539509,0.0,10.772833723653395
SK Stuttgart,8111,SK,Baden-Württemberg,35.33783783783784,40.67567567567568,23.986486486486484,0.0,47.40932642487047,52.59067357512953,0.0,4.1891891891891895
SK Suhl,16054,SK,Thüringen,15.789473684210526,47.368421052631575,36.84210526315789,0.0,31.57894736842105,68.42105263157895,0.0,10.526315789473683
SK Trier,7211,SK,Rheinland-Pfalz,51.9607843137255,36.27450980392157,11.76470588235294,0.0,41.66666666666667,58.333333333333336,0.0,0.9803921568627451
SK Ulm,8421,SK,Baden-Württemberg,32.98611111111111,46.18055555555556,20.833333333333336,0.0,48.10606060606061,51.89393939393939,0.0,1.7361111111111112
SK Weiden i.d.OPf.,9363,SK,Bayern,24.0,37.53846153846154,38.46153846153847,0.0,53.36538461538461,46.63461538461539,0.0,6.153846153846154
SK Weimar,16055,SK,Thüringen,32.35294117647059,47.05882352941176,20.588235294117645,0.0,44.776119402985074,55.223880597014926,0.0,0.0
SK Wiesbaden,6414,SK,Hessen,29.438202247191008,44.71910112359551,25.842696629213485,0.0,45.77114427860697,54.22885572139303,0.0,3.5955056179775284
SK Wilhelmshaven,3405,SK,Niedersachsen,18.51851851851852,48.148148148148145,33.33333333333333,0.0,25.925925925925924,74.07407407407408,0.0,3.7037037037037033
SK Wolfsburg,3103,SK,Niedersachsen,21.794871794871796,26.282051282051285,51.92307692307693,0.0,55.64853556485355,44.35146443514644,0.0,16.346153846153847
SK Worms,7319,SK,Rheinland-Pfalz,36.36363636363637,42.72727272727273,20.454545454545457,0.45454545454545453,50.71090047393365,49.28909952606635,0.0,3.1818181818181817
SK Wuppertal,5124,SK,Nordrhein-Westfalen,26.751592356687897,37.04883227176221,36.19957537154989,0.0,55.99472990777339,44.00527009222661,0.0,8.9171974522293
SK Würzburg,9663,SK,Bayern,29.48717948717949,27.350427350427353,43.162393162393165,0.0,55.23255813953488,44.76744186046512,0.0,10.897435897435898
SK Zweibrücken,7320,SK,Rheinland-Pfalz,36.11111111111111,41.66666666666667,22.22222222222222,0.0,58.333333333333336,41.66666666666667,0.0,2.7777777777777777
LK Aachen,5334,LK,Nordrhein-Westfalen,28.036437246963565,39.27125506072874,32.69230769230769,0.0,51.77971793149765,48.01880456682337,0.20147750167897915,4.757085020242915
