,ID_LK_SK,age_0_34_%,age_35_59_%,age_60+_%,Einw_pro_qm,Landkreis,LK_SK,Bundesland,age_covid_0_34_%,age_covid_35_59_%,age_covid_60+_%,age_covid_unknown_%,gender_covid_f_%,gender_covid_m_%,gender_covid_unknown_%,Sterberate_%
0,1001.0,43.106453342867354,31.14162495530926,25.751921701823377,1577.4409587592527,SK Flensburg,SK,Schleswig-Holstein,38.23529411764706,32.35294117647059,29.411764705882355,0.0,47.058823529411754,52.941176470588246,0.0,5.882352941176469
1,1002.0,43.77050107453909,32.190120703863485,24.039378221597428,2086.3716814159293,SK Kiel,SK,Schleswig-Holstein,32.73381294964029,34.89208633093525,32.37410071942446,0.0,57.25190839694656,42.74809160305343,0.0,3.2374100719424463
2,1003.0,36.83643495796461,33.824436689103955,29.33912835293143,1013.9489286214463,SK Lübeck,SK,Schleswig-Holstein,42.168674698795186,39.156626506024104,18.67469879518072,0.0,50.98039215686275,49.01960784313725,0.0,0.6024096385542169
3,1004.0,37.30043906550757,33.8709474505265,28.82861348396593,1109.6886779282424,SK Neumünster,SK,Schleswig-Holstein,39.24050632911392,43.03797468354431,17.721518987341767,0.0,44.0,56.00000000000001,0.0,2.5316455696202533
4,1051.0,33.82478792883417,34.29922678477592,31.875985286389913,93.27516910106851,LK Dithmarschen,LK,Schleswig-Holstein,18.644067796610173,37.288135593220346,44.067796610169495,0.0,53.57142857142857,46.42857142857143,0.0,5.084745762711865
5,1053.0,34.521757644577825,36.612863979235954,28.865378376186232,156.18191031162908,LK Herzogtum Lauenburg,LK,Schleswig-Holstein,28.57142857142857,44.73684210526316,26.691729323308273,0.0,54.0650406504065,45.9349593495935,0.0,5.639097744360902
6,1054.0,34.34054148767122,34.561680170627234,31.09777834170156,79.45569152332442,LK Nordfriesland,LK,Schleswig-Holstein,37.647058823529406,36.470588235294116,25.882352941176478,0.0,54.320987654320994,45.679012345679006,0.0,1.1764705882352942
7,1055.0,29.944511194978585,35.10053295177509,34.954955853246325,144.03449687273354,LK Ostholstein,LK,Schleswig-Holstein,34.328358208955216,37.3134328358209,28.35820895522388,0.0,44.77611940298507,55.22388059701493,0.0,0.0
8,1056.0,34.95837985184054,36.67821279871244,28.36340734944703,473.3022205494919,LK Pinneberg,LK,Schleswig-Holstein,20.666666666666668,40.66666666666666,38.66666666666666,0.0,53.38491295938105,46.61508704061896,0.0,6.666666666666668
9,1057.0,31.31281724408653,35.58341819086337,33.1037645650501,118.76569423929098,LK Plön,LK,Schleswig-Holstein,20.833333333333336,42.5,36.66666666666666,0.0,48.71794871794872,51.28205128205128,0.0,6.666666666666668
10,1058.0,33.56355971038402,36.130877096508115,30.305563193107872,124.59746488523469,LK Rendsburg-Eckernförde,LK,Schleswig-Holstein,17.857142857142858,42.857142857142854,39.285714285714285,0.0,46.75324675324675,53.24675324675325,0.0,5.5555555555555545
11,1059.0,34.216722909636296,35.17110361204849,30.61217347831521,96.57771361527278,LK Schleswig-Flensburg,LK,Schleswig-Holstein,24.324324324324326,41.21621621621622,34.45945945945946,0.0,57.03703703703704,42.96296296296296,0.0,2.0270270270270268
12,1060.0,35.04050255042895,36.87941977741711,28.08007767215395,205.3167908838012,LK Segeberg,LK,Schleswig-Holstein,23.762376237623762,53.795379537953785,22.442244224422442,0.0,46.59498207885304,53.405017921146964,0.0,1.32013201320132
13,1061.0,34.173601224238084,36.290132245121704,29.536266530640216,124.41461751221917,LK Steinburg,LK,Schleswig-Holstein,38.59649122807017,43.85964912280701,16.95906432748538,0.5847953216374269,47.747747747747745,52.252252252252255,0.0,1.7543859649122806
14,1062.0,33.40721064491192,37.144525403378346,29.448263951709727,317.3680982395699,LK Stormarn,LK,Schleswig-Holstein,22.38442822384428,37.469586374695865,40.14598540145985,0.0,55.714285714285715,44.28571428571429,0.0,7.0559610705596105
15,2000.0,41.031806250234226,35.560366482563616,23.40782726720216,2438.357017044326,SK Hamburg,SK,Hamburg,32.82548476454293,40.364068064899094,26.632370399683424,0.1780767708745548,49.24326319675156,49.870801033591725,0.8859357696566998,4.748713889988128
16,3101.0,39.77453965492243,33.38287178000097,26.842588565076603,1288.4898806434876,SK Braunschweig,SK,Niedersachsen,26.15384615384616,40.0,33.846153846153854,0.0,55.067567567567565,44.93243243243244,0.0,4.615384615384616
17,3102.0,37.89781606128749,32.80958188817319,29.29260205053931,467.49521136798967,SK Salzgitter,SK,Niedersachsen,24.285714285714285,37.857142857142854,37.857142857142854,0.0,52.30769230769232,47.69230769230769,0.0,5.7142857142857135
18,3103.0,37.509162229865254,34.05691456371677,28.433923206417994,606.7689751234054,SK Wolfsburg,SK,Niedersachsen,17.808219178082194,26.71232876712329,55.47945205479452,0.0,55.80357142857143,44.19642857142857,0.0,17.808219178082194
19,3151.0,36.36880400181901,36.67291950886767,26.958276489313327,112.22393753428852,LK Gifhorn,LK,Niedersachsen,20.8,47.2,32.0,0.0,51.2396694214876,48.7603305785124,0.0,3.2
20,3153.0,31.9967302611412,33.48635905819843,34.516910680660374,141.7308010592519,LK Goslar,LK,Niedersachsen,20.161290322580644,37.903225806451616,41.935483870967744,0.0,62.0253164556962,37.9746835443038,0.0,8.46774193548387
21,3154.0,33.344650464915055,35.88552903939457,30.769820495690364,135.03956222731642,LK Helmstedt,LK,Niedersachsen,31.15942028985507,45.65217391304348,22.463768115942024,0.7246376811594203,49.54128440366973,50.45871559633027,0.0,0.7246376811594203
22,3155.0,32.2374119685158,34.900011298158404,32.862576733325795,104.64071502321146,LK Northeim,LK,Niedersachsen,29.508196721311478,39.34426229508197,31.147540983606557,0.0,52.136752136752136,47.00854700854701,0.8547008547008548,2.459016393442623
23,3157.0,35.355503303101564,36.54163400888292,28.10286268801553,249.7017707362535,LK Peine,LK,Niedersachsen,18.88111888111888,46.153846153846146,34.96503496503497,0.0,53.846153846153854,46.153846153846146,0.0,7.6923076923076925
24,3158.0,33.391963987996,35.92364121373791,30.68439479826609,165.62197984260666,LK Wolfenbüttel,LK,Niedersachsen,18.37837837837838,36.21621621621622,45.4054054054054,0.0,58.22784810126582,40.506329113924046,1.2658227848101269,7.027027027027027
25,3159.0,37.779586312844046,32.95811310862793,29.262300578528016,186.87818632337445,LK Göttingen,LK,Niedersachsen,19.974874371859297,33.66834170854271,46.105527638190964,0.25125628140703515,59.19881305637983,40.3560830860534,0.4451038575667656,8.668341708542714
26,3241.0,38.0487965004181,34.740036488531686,27.211167011050215,503.9414228127149,LK Hannover,LK,Niedersachsen,30.346051464063894,41.92546583850932,27.728482697426802,0.0,50.91598231206571,45.988629185091604,3.095388502842704,4.436557231588288
27,3251.0,34.755585883828374,36.07840063443468,29.16601348173695,108.93374652810913,LK Diepholz,LK,Niedersachsen,18.028169014084508,42.816901408450704,39.15492957746479,0.0,52.36593059936908,47.31861198738171,0.3154574132492113,7.042253521126762
28,3252.0,33.04141788784254,34.342584427735794,32.61599768442168,186.2715349700329,LK Hameln-Pyrmont,LK,Niedersachsen,22.131147540983605,36.885245901639344,40.983606557377044,0.0,52.252252252252255,47.747747747747745,0.0,5.737704918032787
29,3254.0,35.25853778462295,34.611018315653986,30.13044389972306,228.90601077520213,LK Hildesheim,LK,Niedersachsen,31.51041666666667,48.95833333333333,19.53125,0.0,48.387096774193544,51.612903225806456,0.0,1.3020833333333337
30,3255.0,32.74955970412117,33.64142303628038,33.60901725959845,102.23409771836828,LK Holzminden,LK,Niedersachsen,17.924528301886788,32.075471698113205,50.0,0.0,62.76595744680851,37.23404255319149,0.0,6.60377358490566
31,3256.0,35.308025637223395,35.362397640584575,29.329576722192012,86.65476870359795,LK Nienburg (Weser),LK,Niedersachsen,25.71428571428571,48.57142857142857,25.71428571428571,0.0,49.253731343283576,50.746268656716424,0.0,5.7142857142857135
32,3257.0,33.15481585235231,35.340757125382645,31.504427022265034,233.51438550793281,LK Schaumburg,LK,Niedersachsen,19.375,51.87500000000001,28.75,0.0,50.0,49.35064935064935,0.6493506493506493,5.0
33,3351.0,35.512697277238786,34.258058747261586,30.22924397549962,115.38154008846935,LK Celle,LK,Niedersachsen,23.157894736842106,36.31578947368421,40.526315789473685,0.0,54.3956043956044,45.604395604395606,0.0,6.842105263157897
34,3352.0,32.97513281167229,34.64303552239258,32.38183166593513,96.26803693108693,LK Cuxhaven,LK,Niedersachsen,23.0,29.5,47.5,0.0,54.098360655737714,45.901639344262286,0.0,8.0
35,3353.0,34.216460423457924,37.117447858973954,28.66609171756813,202.45240555195144,LK Harburg,LK,Niedersachsen,37.786259541984734,39.88549618320611,22.328244274809162,0.0,46.41509433962264,53.58490566037736,0.0,2.480916030534351
36,3354.0,30.49933917065918,33.869568808855114,35.63109202048571,39.45828783755154,LK Lüchow-Dannenberg,LK,Niedersachsen,15.789473684210524,31.578947368421048,52.631578947368425,0.0,63.157894736842096,36.84210526315789,0.0,15.789473684210524
37,3355.0,37.58698165477828,36.17727897388915,26.23573937133259,138.11564620726534,LK Lüneburg,LK,Niedersachsen,50.0,39.285714285714285,10.714285714285714,0.0,48.387096774193544,51.612903225806456,0.0,0.0
38,3356.0,33.09019794392029,36.64296977545213,30.266832280627572,173.9270994530161,LK Osterholz,LK,Niedersachsen,29.411764705882355,42.15686274509804,28.43137254901961,0.0,53.535353535353536,46.464646464646464,0.0,0.0
39,3357.0,36.36352512924047,35.75418310850081,27.88229176225873,78.78184675001687,LK Rotenburg (Wümme),LK,Niedersachsen,26.605504587155966,52.29357798165138,21.100917431192666,0.0,45.19230769230769,54.80769230769232,0.0,0.9174311926605504
40,3358.0,35.886372580587455,34.939000393545854,29.17462702586669,74.28205441663431,LK Heidekreis,LK,Niedersachsen,36.111111111111114,44.444444444444436,19.44444444444445,0.0,51.42857142857142,48.57142857142857,0.0,2.7777777777777777
41,3359.0,36.788904097448565,35.43391990231509,27.777176000236334,160.25343622275875,LK Stade,LK,Niedersachsen,29.797979797979803,48.48484848484848,21.717171717171716,0.0,52.631578947368425,47.368421052631575,0.0,4.040404040404041
42,3360.0,32.455818173961895,35.000864192196346,32.54331763384177,63.29319905099858,LK Uelzen,LK,Niedersachsen,37.2093023255814,39.53488372093023,23.255813953488367,0.0,52.38095238095239,47.61904761904761,0.0,0.0
43,3361.0,35.71846306801567,35.202351014679216,29.079185917305107,173.28823521959995,LK Verden,LK,Niedersachsen,27.702702702702698,47.2972972972973,25.0,0.0,40.44117647058824,57.352941176470594,2.2058823529411766,1.351351351351351
44,3401.0,37.925702578375656,33.78045794838094,28.293839473243388,1242.7061649319455,SK Delmenhorst,SK,Niedersachsen,23.07692307692308,46.153846153846146,30.76923076923077,0.0,39.58333333333333,58.33333333333334,2.083333333333333,3.8461538461538463
45,3402.0,39.25689809742006,33.381810937344355,27.361290965235575,446.81324550471777,SK Emden,SK,Niedersachsen,10.526315789473683,47.368421052631575,42.105263157894726,0.0,63.157894736842096,36.84210526315789,0.0,0.0
46,3403.0,41.711551037393725,33.397538790797206,24.89091017180905,1631.6810553884955,SK Oldenburg,SK,Niedersachsen,42.26190476190476,44.64285714285715,13.095238095238097,0.0,47.58620689655172,52.41379310344828,0.0,0.5952380952380952
47,3404.0,43.88763444776264,31.9330128438585,24.179352708378854,1375.1919866444073,SK Osnabrück,SK,Niedersachsen,38.477801268498936,38.266384778012686,23.255813953488367,0.0,47.785547785547784,51.748251748251754,0.4662004662004662,2.748414376321353
48,3405.0,36.652770130312796,30.87915257348121,32.468077296205976,712.4124404595125,SK Wilhelmshaven,SK,Niedersachsen,19.230769230769234,50.0,30.76923076923077,0.0,26.923076923076927,73.07692307692307,0.0,3.8461538461538463
49,3451.0,34.986419066502236,35.331382837246416,29.682198096251334,169.8276688065483,LK Ammerland,LK,Niedersachsen,30.17751479289941,46.745562130177525,23.07692307692308,0.0,54.878048780487816,45.121951219512205,0.0,2.9585798816568047
50,3452.0,35.186043571699464,34.94374446925962,29.870211959040912,147.47079294059162,LK Aurich,LK,Niedersachsen,23.958333333333336,45.83333333333333,30.20833333333333,0.0,49.46236559139785,50.53763440860215,0.0,8.333333333333332
51,3453.0,42.612844556770675,34.92453409547205,22.46262134775728,119.22389152504186,LK Cloppenburg,LK,Niedersachsen,37.1900826446281,42.97520661157025,19.834710743801654,0.0,45.53571428571429,53.57142857142857,0.8928571428571428,0.0
52,3454.0,39.02081023899379,35.46185096589357,25.517338795112646,112.93143806330127,LK Emsland,LK,Niedersachsen,32.3394495412844,37.38532110091743,30.27522935779817,0.0,52.71317829457365,47.02842377260981,0.2583979328165375,5.504587155963304
53,3455.0,32.72699573430835,34.39569368271379,32.877310582977856,161.5342969172969,LK Friesland,LK,Niedersachsen,24.24242424242424,36.36363636363637,39.39393939393939,0.0,33.33333333333333,66.66666666666666,0.0,3.0303030303030303
54,3456.0,37.50320486993722,35.41253085831911,27.08426427174367,139.04297252976707,LK Grafschaft Bentheim,LK,Niedersachsen,23.20675105485232,40.92827004219409,35.864978902953595,0.0,48.13084112149533,51.86915887850467,0.0,6.7510548523206735
55,3457.0,36.94209376417033,35.07057929791707,27.987326937912588,156.40220314629926,LK Leer,LK,Niedersachsen,29.12621359223301,38.83495145631068,32.03883495145632,0.0,46.39175257731959,53.60824742268043,0.0,2.9126213592233015
56,3458.0,35.06193139906565,36.95752397344479,27.980544627489554,122.21930055219565,LK Oldenburg,LK,Niedersachsen,25.675675675675674,39.63963963963964,34.68468468468468,0.0,56.111111111111114,43.88888888888889,0.0,5.855855855855856
57,3459.0,36.90739709466815,35.630752526284276,27.461850379047586,168.41423124596452,LK Osnabrück,LK,Niedersachsen,24.032403240324033,43.11431143114312,32.853285328532856,0.0,53.28874024526199,46.26532887402453,0.4459308807134894,5.310531053105311
58,3460.0,42.769671888021016,35.14103306543877,22.089295046540204,173.9105870793417,LK Vechta,LK,Niedersachsen,29.93827160493827,37.96296296296296,32.09876543209877,0.0,44.91017964071857,55.08982035928143,0.0,3.08641975308642
59,3461.0,34.276268279472816,35.157519407835345,30.56621231269182,107.4516840854531,LK Wesermarsch,LK,Niedersachsen,24.074074074074073,55.555555555555564,20.37037037037037,0.0,52.0,48.0,0.0,1.851851851851852
60,3462.0,33.94571217608382,34.293801202489355,31.760486621426807,86.59683950918004,LK Wittmund,LK,Niedersachsen,41.17647058823529,35.29411764705883,23.529411764705877,0.0,56.25,43.75,0.0,0.0
61,4011.0,39.33682502213042,33.763295816998976,26.899879160870604,1745.5147464590107,SK Bremen,SK,Bremen,45.198675496688736,34.93377483443709,19.701986754966892,0.16556291390728478,47.82122905027933,52.067039106145245,0.111731843575419,2.9801324503311264
62,4012.0,38.756886143231775,32.816762588661845,28.426351268106373,1213.260730301089,SK Bremerhaven,SK,Bremen,26.506024096385545,39.75903614457832,33.734939759036145,0.0,52.564102564102576,47.435897435897424,0.0,3.6144578313253017
63,5111.0,39.430060682002406,35.708241965851435,24.861697352146148,2848.5074283611607,SK Düsseldorf,SK,Nordrhein-Westfalen,35.87613293051359,44.18429003021148,19.939577039274926,0.0,47.25490196078431,52.74509803921569,0.0,2.2658610271903323
64,5112.0,38.93700234661746,34.30915180809884,26.753845845283703,2141.7096219931273,SK Duisburg,SK,Nordrhein-Westfalen,31.616982836495037,39.29539295392953,28.997289972899733,0.09033423667570008,51.81623931623932,48.07692307692307,0.10683760683760683,4.426377597109305
65,5113.0,38.26300057107675,33.718224208509895,28.01877522041333,2772.2211657316725,SK Essen,SK,Nordrhein-Westfalen,24.47724477244772,41.20541205412054,34.31734317343174,0.0,50.16666666666667,49.83333333333334,0.0,4.428044280442803
66,5114.0,36.66857545590697,34.76962382168972,28.56180072240331,1647.8188284822531,SK Krefeld,SK,Nordrhein-Westfalen,31.707317073170728,44.71544715447154,23.577235772357724,0.0,49.722735674676535,50.27726432532348,0.0,3.5772357723577235
67,5116.0,37.85598996381773,34.52844477422415,27.615565261958128,1533.7244089869187,SK Mönchengladbach,SK,Nordrhein-Westfalen,32.26890756302521,35.46218487394958,32.26890756302521,0.0,51.63636363636363,48.36363636363637,0.0,6.5546218487394965
68,5117.0,34.956694756554306,34.43937265917603,30.60393258426966,1872.0420683610864,SK Mülheim a.d.Ruhr,SK,Nordrhein-Westfalen,26.530612244897963,37.755102040816325,35.714285714285715,0.0,42.5414364640884,57.4585635359116,0.0,4.591836734693878
69,5119.0,36.05196628547306,34.97289272348681,28.97514099104013,2734.84239200934,SK Oberhausen,SK,Nordrhein-Westfalen,26.377952755905515,44.094488188976385,29.527559055118108,0.0,48.03493449781659,51.96506550218341,0.0,3.149606299212598
70,5120.0,35.89112925022974,35.240643638394864,28.86822711137539,1489.4524959742353,SK Remscheid,SK,Nordrhein-Westfalen,25.213675213675213,39.74358974358975,34.615384615384606,0.4273504273504274,61.467889908256886,38.532110091743114,0.0,6.837606837606838
71,5122.0,36.51292670682731,35.633785140562246,27.85328815261044,1779.7632343086887,SK Solingen,SK,Nordrhein-Westfalen,32.23140495867769,42.97520661157025,24.793388429752067,0.0,48.30508474576271,51.69491525423729,0.0,2.8925619834710745
72,5124.0,38.87245966217246,34.10359442635348,27.023945911474055,2104.5311479304,SK Wuppertal,SK,Nordrhein-Westfalen,26.57111356119074,37.26571113561191,36.16317530319736,0.0,56.02739726027397,43.835616438356155,0.136986301369863,8.930540242557884
73,5154.0,36.74648041315351,35.611015711924466,27.642503874922017,252.21129125134837,LK Kleve,LK,Nordrhein-Westfalen,23.647604327666148,45.440494590417316,30.757341576506953,0.1545595054095827,52.532833020637895,47.467166979362105,0.0,5.4095826893353935
74,5158.0,33.94429299709276,35.472447105525404,30.58325989738184,1192.6820883060752,LK Mettmann,LK,Nordrhein-Westfalen,24.46120689655172,41.271551724137936,34.26724137931034,0.0,52.477763659466326,47.522236340533674,0.0,7.974137931034483
75,5162.0,34.92296128441465,36.37171928595343,28.705319429631913,782.4277436591376,LK Rhein-Kreis Neuss,LK,Nordrhein-Westfalen,21.958456973293767,47.32937685459941,30.56379821958457,0.1483679525222552,49.189189189189186,50.81081081081082,0.0,2.8189910979228485
76,5166.0,34.07496612976065,36.71433589241808,29.210697977821265,530.7040903280786,LK Viersen,LK,Nordrhein-Westfalen,23.132183908045977,41.52298850574713,35.201149425287355,0.14367816091954022,51.16279069767442,48.83720930232558,0.0,5.028735632183908
77,5170.0,33.68442114008208,35.51083167141139,30.804747188506532,440.9369006520905,LK Wesel,LK,Nordrhein-Westfalen,21.57190635451505,45.65217391304348,32.775919732441466,0.0,51.553930530164536,48.446069469835464,0.0,4.3478260869565215
78,5314.0,42.877790611688646,33.620568481137205,23.501640907174156,2319.99149298171,SK Bonn,SK,Nordrhein-Westfalen,41.11747851002866,40.114613180515754,18.76790830945559,0.0,47.058823529411754,52.77310924369748,0.16806722689075632,1.002865329512894
79,5315.0,41.735104046924285,35.645006189760366,22.619889763315353,2680.519480519481,SK Köln,SK,Nordrhein-Westfalen,32.52864157119476,45.04909983633389,22.381342062193127,0.040916530278232416,50.488997555012226,49.44987775061125,0.061124694376528114,3.927986906710311
80,5316.0,36.53181801535664,35.51801169447869,27.95017029016468,2077.317104095346,SK Leverkusen,SK,Nordrhein-Westfalen,26.180257510729607,48.497854077253216,24.46351931330472,0.8583690987124464,44.14414414414414,55.85585585585586,0.0,2.145922746781116
81,5334.0,40.896726166365106,32.50069761371103,26.602576219923854,785.8537413522347,LK Aachen,LK,Nordrhein-Westfalen,27.857142857142854,39.285714285714285,32.857142857142854,0.0,51.83423913043478,47.96195652173913,0.20380434782608692,4.642857142857143
82,5358.0,36.50359090254131,35.107423726499874,28.38898537095881,280.02803232211687,LK Düren,LK,Nordrhein-Westfalen,21.525423728813557,41.69491525423729,36.77966101694915,0.0,54.13385826771654,45.86614173228347,0.0,6.4406779661016955
83,5362.0,35.91745392893686,36.14677220696507,27.93577386409807,667.0673042811936,LK Rhein-Erft-Kreis,LK,Nordrhein-Westfalen,20.35152636447733,45.328399629972246,34.22756706753006,0.09250693802035154,54.32242990654206,45.443925233644855,0.2336448598130841,6.66049953746531
84,5366.0,35.09437875959345,36.01171956025721,28.89390168014935,154.42889976215838,LK Euskirchen,LK,Nordrhein-Westfalen,30.593607305936068,42.00913242009132,27.397260273972602,0.0,54.447439353099746,45.552560646900275,0.0,4.794520547945205
85,5370.0,35.83763889871895,36.14355030237258,28.01881079890847,404.977786270482,LK Heinsberg,LK,Nordrhein-Westfalen,26.80965147453083,42.30563002680965,30.83109919571045,0.05361930294906167,50.68027210884354,49.25170068027211,0.06802721088435372,3.6997319034852554
86,5374.0,36.49379199988257,35.220261972833804,28.28594602728364,296.53479893344934,LK Oberbergischer Kreis,LK,Nordrhein-Westfalen,26.83438155136269,44.65408805031446,28.51153039832285,0.0,51.9607843137255,48.03921568627451,0.0,3.5639412997903563
87,5378.0,33.71364061314847,36.23185338060715,30.054506006244374,648.1638159699992,LK Rheinisch-Bergischer Kreis,LK,Nordrhein-Westfalen,21.908893709327547,48.59002169197397,29.501084598698483,0.0,52.18446601941748,47.81553398058252,0.0,4.1214750542299345
88,5382.0,36.099736570075706,35.77411717629798,28.126146253626327,520.096079638574,LK Rhein-Sieg-Kreis,LK,Nordrhein-Westfalen,30.00723065798988,41.28705712219812,28.48879248011569,0.2169197396963124,51.848049281314175,47.741273100616006,0.4106776180698152,3.470715835140998
89,5512.0,34.64556196382781,35.50258555327432,29.851852482897858,1166.713050392605,SK Bottrop,SK,Nordrhein-Westfalen,29.411764705882355,43.31550802139038,27.27272727272727,0.0,48.82352941176471,51.17647058823529,0.0,3.2085561497326207
90,5513.0,38.546118609344184,34.071220852164174,27.38266053849164,2483.8383838383843,SK Gelsenkirchen,SK,Nordrhein-Westfalen,36.175710594315255,39.01808785529715,24.806201550387602,0.0,48.87640449438202,51.12359550561798,0.0,3.3591731266149867
91,5515.0,45.39560128404582,32.02988047175004,22.574518244204132,1036.3987074650486,SK Münster,SK,Nordrhein-Westfalen,38.42857142857143,41.57142857142857,19.857142857142858,0.14285714285714285,47.487001733102254,52.51299826689775,0.0,1.8571428571428568
92,5554.0,38.683378476081536,35.887405712805794,25.42921581111267,260.85940688820386,LK Borken,LK,Nordrhein-Westfalen,29.97061704211557,46.42507345739472,23.604309500489716,0.0,50.76142131979695,49.238578680203034,0.0,3.721841332027424
93,5558.0,35.87112204393236,36.169854816781786,27.95902313928586,197.7689852074997,LK Coesfeld,LK,Nordrhein-Westfalen,28.841607565011827,52.83687943262412,18.321513002364064,0.0,47.27272727272727,52.72727272727272,0.0,2.8368794326241136
94,5562.0,34.435467224478714,35.32614613960579,30.23838663591549,808.1609331284233,LK Recklinghausen,LK,Nordrhein-Westfalen,32.617342879872716,43.038981702466195,24.10501193317423,0.2386634844868735,46.881287726358146,52.61569416498993,0.5030181086519114,2.9435163086714398
95,5566.0,37.75842578650355,35.86482996510386,26.37674424839259,249.26159397692345,LK Steinfurt,LK,Nordrhein-Westfalen,28.03315749811605,44.38583270535042,27.505651846269775,0.07535795026375282,52.39583333333333,47.5,0.10416666666666667,6.028636021100227
96,5570.0,36.504393717398116,35.60117069799089,27.89443558461101,210.5341741068045,LK Warendorf,LK,Nordrhein-Westfalen,24.279835390946502,44.0329218106996,31.68724279835391,0.0,45.97014925373134,54.02985074626866,0.0,3.7037037037037033
97,5711.0,40.86570437346085,33.342321127908306,25.791974498630857,1289.645313345182,SK Bielefeld,SK,Nordrhein-Westfalen,37.19806763285024,44.92753623188405,17.874396135265698,0.0,45.098039215686285,54.11764705882353,0.7843137254901961,0.966183574879227
98,5754.0,38.12125257152902,35.97833461051464,25.90041281795635,375.6492401027641,LK Gütersloh,LK,Nordrhein-Westfalen,20.47244094488189,56.06299212598426,23.30708661417323,0.15748031496062992,49.44649446494465,50.3690036900369,0.18450184501845016,2.9921259842519685
99,5758.0,35.67626194758018,35.42066248509668,28.903075567323146,556.7882595857109,LK Herford,LK,Nordrhein-Westfalen,30.0,46.66666666666666,23.33333333333333,0.0,52.786885245901644,47.213114754098356,0.0,2.121212121212121
100,5762.0,35.10915850910306,34.878827301357106,30.012014189539837,117.08395065838756,LK Höxter,LK,Nordrhein-Westfalen,19.476744186046513,43.0232558139535,37.5,0.0,53.94736842105264,46.05263157894736,0.0,4.651162790697675
101,5766.0,36.86777212959003,33.825213624921425,29.30701424548855,279.5581839482595,LK Lippe,LK,Nordrhein-Westfalen,28.64864864864865,41.08108108108108,30.27027027027027,0.0,54.50236966824645,45.49763033175356,0.0,3.9189189189189193
102,5770.0,36.52537736152682,34.56792507482862,28.906697563644556,269.6175840195763,LK Minden-Lübbecke,LK,Nordrhein-Westfalen,25.47368421052632,46.94736842105264,27.578947368421048,0.0,50.0,50.0,0.0,1.8947368421052635
103,5774.0,41.174362149304315,34.256248167095706,24.569389683599987,246.1421238370228,LK Paderborn,LK,Nordrhein-Westfalen,28.778135048231512,42.12218649517685,29.09967845659164,0.0,53.971486761710786,45.82484725050918,0.20366598778004072,5.144694533762059
104,5911.0,38.00064723499018,33.190539399058764,28.808813365951053,2503.281614719209,SK Bochum,SK,Nordrhein-Westfalen,34.73895582329317,41.76706827309236,23.49397590361446,0.0,48.76404494382022,51.23595505617977,0.0,3.6144578313253017
105,5913.0,39.167475852200134,34.10504079998637,26.727483347813497,2091.161697125147,SK Dortmund,SK,Nordrhein-Westfalen,30.261348005502068,46.07977991746905,23.658872077028885,0.0,45.07936507936508,54.920634920634924,0.0,0.8253094910591471
106,5914.0,37.167794760981714,33.95669812619827,28.875507112820024,1176.7778124026174,SK Hagen,SK,Nordrhein-Westfalen,28.923076923076927,37.846153846153854,33.230769230769226,0.0,53.55805243445693,46.44194756554307,0.0,3.692307692307693
107,5915.0,38.203125436182034,34.34629922226999,27.450575341547975,791.0215077507397,SK Hamm,SK,Nordrhein-Westfalen,23.30508474576271,37.07627118644068,39.61864406779661,0.0,51.80722891566265,48.19277108433735,0.0,7.627118644067798
108,5916.0,36.65379155102511,34.82420351209281,28.52200493688209,3041.1124076234933,SK Herne,SK,Nordrhein-Westfalen,33.33333333333333,47.8494623655914,18.817204301075265,0.0,46.83544303797469,53.16455696202531,0.0,0.5376344086021506
109,5954.0,33.77531637763032,35.31742605520882,30.907257567160872,791.6609706083391,LK Ennepe-Ruhr-Kreis,LK,Nordrhein-Westfalen,33.17422434367542,45.58472553699285,21.241050119331746,0.0,47.704081632653065,52.295918367346935,0.0,3.3412887828162283
110,5958.0,35.435646415202996,35.369613206641716,29.194740378155288,132.88388252039363,LK Hochsauerlandkreis,LK,Nordrhein-Westfalen,27.227722772277232,40.5940594059406,32.17821782178218,0.0,53.91969407265774,46.08030592734226,0.0,2.8052805280528053
111,5962.0,35.66922255653694,35.32272153741628,29.00805590604678,388.4040487814073,LK Märkischer Kreis,LK,Nordrhein-Westfalen,25.75757575757576,46.63299663299664,27.60942760942761,0.0,52.28136882129277,47.71863117870723,0.0,4.545454545454546
112,5966.0,36.68187720274532,36.31682433685772,27.001298460396963,189.25351756677054,LK Olpe,LK,Nordrhein-Westfalen,22.455573505654282,42.48788368336026,35.05654281098545,0.0,57.86516853932585,42.13483146067416,0.0,8.40064620355412
113,5970.0,37.691671758743404,33.948456202149465,28.359872039107145,245.57547511232326,LK Siegen-Wittgenstein,LK,Nordrhein-Westfalen,31.596091205211724,40.390879478827365,28.013029315960914,0.0,52.28070175438596,47.368421052631575,0.3508771929824561,2.6058631921824107
114,5974.0,36.16107213599115,35.666540798007304,28.172387066001548,227.22804693556517,LK Soest,LK,Nordrhein-Westfalen,23.67688022284123,49.86072423398329,26.462395543175486,0.0,46.39498432601881,53.60501567398119,0.0,2.2284122562674096
115,5978.0,34.565405717585904,35.35242234954988,30.082171932864213,726.7576075550893,LK Unna,LK,Nordrhein-Westfalen,23.308270676691734,38.64661654135338,37.29323308270678,0.7518796992481203,56.23901581722321,43.58523725834798,0.17574692442882248,5.112781954887218
116,6411.0,45.98541521415515,31.541326700459148,22.47325808538569,1304.227082821332,SK Darmstadt,SK,Hessen,33.78378378378378,30.630630630630627,35.585585585585584,0.0,50.0,50.0,0.0,8.108108108108109
117,6412.0,42.56881294352611,36.85476246122466,20.576424595249225,3032.725222504128,SK Frankfurt am Main,SK,Hessen,32.39344262295082,43.606557377049185,24.0,0.0,49.178981937602636,50.73891625615764,0.08210180623973727,3.868852459016393
118,6413.0,43.033461753557454,35.10687876716585,21.859659479276704,2868.627450980392,SK Offenbach,SK,Hessen,30.51948051948052,42.2077922077922,27.27272727272727,0.0,50.33557046979866,49.664429530201346,0.0,5.844155844155844
119,6414.0,39.08069928361513,35.1987842294731,25.720516486911787,1365.2916073968706,SK Wiesbaden,SK,Hessen,30.123456790123463,46.66666666666666,23.209876543209877,0.0,45.0402144772118,54.95978552278821,0.0,2.9629629629629632
120,6431.0,34.52060483362626,36.20214020334157,29.277254963032174,374.8509319360085,LK Bergstraße,LK,Hessen,29.411764705882355,49.70588235294117,20.88235294117647,0.0,45.42586750788644,54.57413249211357,0.0,0.8823529411764706
121,6432.0,36.21330266746021,36.421776804898464,27.36492052764132,451.53498117332686,LK Darmstadt-Dieburg,LK,Hessen,25.432098765432094,47.65432098765432,26.913580246913586,0.0,45.93175853018373,54.06824146981627,0.0,4.197530864197532
122,6433.0,38.77410518493695,36.08547095721352,25.14042385784953,605.9775290819592,LK Groß-Gerau,LK,Hessen,30.555555555555557,48.01587301587302,21.428571428571427,0.0,48.78048780487804,51.21951219512196,0.0,2.1825396825396823
123,6434.0,34.39069342757139,36.883464939720334,28.725841632708267,490.9596546571476,LK Hochtaunuskreis,LK,Hessen,19.305019305019304,52.12355212355211,28.57142857142857,0.0,52.320675105485236,47.67932489451477,0.0,1.9305019305019304
124,6435.0,35.83840553765366,35.98066595059076,28.180928511755575,299.8239487018006,LK Main-Kinzig-Kreis,LK,Hessen,25.55865921787709,42.87709497206704,31.564245810055862,0.0,54.35816164817749,45.64183835182251,0.0,5.865921787709497
125,6436.0,35.71497675983763,37.25576797694912,27.029255263213237,1068.3278659057203,LK Main-Taunus-Kreis,LK,Hessen,20.569620253164558,51.26582278481011,28.16455696202532,0.0,47.79411764705882,51.83823529411765,0.3676470588235294,4.113924050632911
126,6437.0,34.02343023616191,34.99452468026199,30.982045083576107,155.132458291264,LK Odenwaldkreis,LK,Hessen,16.169154228855724,35.32338308457712,48.50746268656717,0.0,55.80736543909347,44.192634560906505,0.0,14.925373134328355
127,6438.0,36.582583057510476,36.031878720784434,27.38553822170509,993.9703570626544,LK Offenbach,LK,Hessen,25.790349417637273,42.595673876871885,31.44758735440932,0.16638935108153075,49.35064935064935,50.463821892393334,0.1855287569573284,6.156405990016639
128,6439.0,33.83950373216069,36.44320009403869,29.717296173800605,230.65651150466476,LK Rheingau-Taunus-Kreis,LK,Hessen,27.350427350427356,49.14529914529914,23.504273504273506,0.0,48.8479262672811,51.1520737327189,0.0,2.1367521367521367
129,6440.0,35.77889447236181,36.47001239966064,27.75109312797755,278.43294023585844,LK Wetteraukreis,LK,Hessen,19.934640522875817,50.98039215686275,29.08496732026144,0.0,50.522648083623686,49.477351916376314,0.0,3.92156862745098
130,6531.0,41.69840372513724,32.635118046980764,25.666478227882,314.63677214004866,LK Gießen,LK,Hessen,37.5,44.16666666666666,18.33333333333333,0.0,43.290043290043286,56.70995670995672,0.0,1.25
131,6532.0,35.79638816756444,35.20177163415124,29.001840198284327,237.99774922629655,LK Lahn-Dill-Kreis,LK,Hessen,20.99125364431487,49.271137026239074,29.73760932944607,0.0,55.592105263157904,44.40789473684211,0.0,4.956268221574344
132,6533.0,35.73973024645085,35.7647181883161,28.495551565233054,233.03585937923188,LK Limburg-Weilburg,LK,Hessen,32.752613240418114,44.25087108013937,22.99651567944251,0.0,50.37037037037037,49.62962962962962,0.0,2.0905923344947737
133,6534.0,40.7824105607992,33.258733093315165,25.95885634588563,195.38487131348182,LK Marburg-Biedenkopf,LK,Hessen,29.381443298969074,48.96907216494846,21.64948453608248,0.0,51.12359550561798,48.87640449438202,0.0,1.5463917525773196
134,6535.0,32.272048962012875,35.3538978824685,32.374053155518624,72.57335956296139,LK Vogelsbergkreis,LK,Hessen,28.925619834710737,48.7603305785124,22.314049586776857,0.0,50.43478260869565,49.56521739130435,0.0,4.132231404958678
135,6611.0,42.59791155095865,32.065877917503784,25.33621053153757,1887.5,SK Kassel,SK,Hessen,45.04792332268371,35.78274760383386,19.169329073482427,0.0,48.61111111111111,51.38888888888889,0.0,2.5559105431309903
136,6631.0,37.76776408007763,34.570768788412465,27.661467131509905,161.2448475452945,LK Fulda,LK,Hessen,31.746031746031747,43.17460317460318,25.079365079365076,0.0,51.90311418685121,48.09688581314879,0.0,3.8095238095238098
137,6632.0,34.21529599682195,34.57696413940362,31.207739863774425,110.07069069178492,LK Hersfeld-Rotenburg,LK,Hessen,18.31683168316832,41.08910891089109,40.5940594059406,0.0,54.615384615384606,45.384615384615394,0.0,10.891089108910892
138,6633.0,32.75029264726391,35.22416569117578,32.025541661560304,182.9627166870274,LK Kassel,LK,Hessen,23.9247311827957,41.39784946236559,34.67741935483871,0.0,52.567975830815705,47.432024169184295,0.0,7.526881720430107
139,6634.0,33.76557800934403,35.69153599449567,30.542885996160287,117.10179204948605,LK Schwalm-Eder-Kreis,LK,Hessen,24.5136186770428,41.828793774319074,33.657587548638126,0.0,53.24074074074075,46.75925925925926,0.0,6.031128404669262
140,6635.0,34.456811911846216,35.16084432919409,30.38234375895969,84.89911829934549,LK Waldeck-Frankenberg,LK,Hessen,22.5,49.375,28.125,0.0,53.02013422818792,46.97986577181208,0.0,1.875
141,6636.0,32.814278784759004,34.00912717661384,33.176594038627165,98.56951884702828,LK Werra-Meißner-Kreis,LK,Hessen,17.96116504854369,30.097087378640776,51.94174757281553,0.0,58.235294117647065,41.76470588235294,0.0,7.766990291262134
142,7111.0,40.84403283519259,31.563530484810208,27.592436679997203,1083.3634204275534,SK Koblenz,SK,Rheinland-Pfalz,21.29277566539924,33.46007604562737,44.48669201520912,0.7604562737642585,56.01851851851853,43.518518518518526,0.4629629629629629,6.844106463878328
143,7131.0,33.52733047091199,34.665104411571996,31.807565117516013,164.8331681532871,LK Ahrweiler,LK,Rheinland-Pfalz,39.548022598870055,42.3728813559322,16.94915254237288,1.1299435028248588,46.794871794871796,50.641025641025635,2.564102564102564,0.5649717514124294
144,7132.0,35.27368789091333,35.24105512606348,29.485256983023195,200.356486814658,LK Altenkirchen,LK,Rheinland-Pfalz,22.222222222222218,39.50617283950617,38.2716049382716,0.0,61.74496644295302,38.25503355704698,0.0,6.790123456790122
145,7133.0,34.378795546558706,35.02973178137652,30.591472672064782,182.98625982474616,LK Bad Kreuznach,LK,Rheinland-Pfalz,25.0,41.326530612244895,31.12244897959184,2.5510204081632653,51.5625,47.65625,0.78125,3.571428571428571
146,7134.0,33.761149653121905,34.14643211100098,32.092418235877105,103.9094782642277,LK Birkenfeld,LK,Rheinland-Pfalz,34.09090909090909,34.09090909090909,31.818181818181817,0.0,50.0,50.0,0.0,1.1363636363636365
147,7135.0,33.00371831717733,34.99439816844464,32.00188351437803,88.94328668601881,LK Cochem-Zell,LK,Rheinland-Pfalz,28.90625,57.8125,13.28125,0.0,40.17857142857143,59.82142857142857,0.0,0.78125
148,7137.0,35.191987267746036,35.62557465497365,29.182438077280302,262.01680261210913,LK Mayen-Koblenz,LK,Rheinland-Pfalz,17.058823529411768,42.941176470588225,39.117647058823536,0.8823529411764706,48.0,51.6,0.4,4.117647058823529
149,7138.0,35.51535937474236,34.99980762994597,29.48483299531167,290.1492680126304,LK Neuwied,LK,Rheinland-Pfalz,26.06635071090048,45.49763033175356,26.54028436018957,1.895734597156398,43.79562043795621,45.985401459854025,10.218978102189784,1.895734597156398
150,7140.0,34.154871426212146,35.54601358112243,30.299114992665416,103.86555808931853,LK Rhein-Hunsrück-Kreis,LK,Rheinland-Pfalz,17.791411042944784,50.920245398773005,31.288343558282214,0.0,50.71428571428571,49.28571428571429,0.0,3.6809815950920246
151,7141.0,33.7222422081957,35.476011381103454,30.80174641070085,156.35610554305583,LK Rhein-Lahn-Kreis,LK,Rheinland-Pfalz,21.518987341772156,46.20253164556962,31.0126582278481,1.2658227848101269,51.31578947368421,48.68421052631579,0.0,3.79746835443038
152,7143.0,35.53574705972808,36.32990570296185,28.134347237310077,203.83098762436302,LK Westerwaldkreis,LK,Rheinland-Pfalz,17.415730337078653,44.382022471910105,38.20224719101123,0.0,54.04530744336571,45.631067961165044,0.3236245954692557,5.8988764044943816
153,7211.0,44.51625149137713,32.006760909649664,23.476987598973214,945.0414282053473,SK Trier,SK,Rheinland-Pfalz,52.475247524752476,36.63366336633664,10.891089108910892,0.0,42.105263157894726,57.894736842105274,0.0,0.99009900990099
154,7231.0,34.16561258484616,35.56412677486594,30.270260640287894,96.11966368135349,LK Bernkastel-Wittlich,LK,Rheinland-Pfalz,34.41558441558442,48.05194805194805,17.532467532467532,0.0,47.552447552447546,51.748251748251754,0.6993006993006993,1.2987012987012987
155,7232.0,36.351092217002666,35.71189415691805,27.93701362607928,60.580226804757366,LK Bitburg-Prüm,LK,Rheinland-Pfalz,25.0,45.65217391304348,29.347826086956523,0.0,50.649350649350644,49.35064935064935,0.0,2.1739130434782608
156,7233.0,33.22937808359322,34.556045080276554,32.214576836130234,66.47689877583257,LK Vulkaneifel,LK,Rheinland-Pfalz,24.576271186440678,38.135593220338976,37.288135593220346,0.0,48.48484848484848,51.51515151515152,0.0,4.23728813559322
157,7235.0,34.98539729430327,37.08214441572392,27.93245828997281,135.13059887682243,LK Trier-Saarburg,LK,Rheinland-Pfalz,23.97959183673469,45.40816326530612,30.612244897959183,0.0,57.068062827225134,42.931937172774866,0.0,3.571428571428571
158,7311.0,37.01941887522909,33.677230699532544,29.30335042523836,1106.6773017319963,SK Frankenthal,SK,Rheinland-Pfalz,48.83720930232558,27.90697674418605,20.930232558139533,2.3255813953488373,46.511627906976734,53.48837209302325,0.0,4.651162790697675
159,7312.0,42.182382693174425,31.16029846261706,26.657318844208522,714.7100930565497,SK Kaiserslautern,SK,Rheinland-Pfalz,60.0,22.5,16.875,0.625,43.35664335664335,56.64335664335665,0.0,2.5
160,7313.0,42.04640401054052,32.5920688990295,25.36152709042997,562.7803231251506,SK Landau i.d.Pfalz,SK,Rheinland-Pfalz,21.428571428571427,57.14285714285714,21.428571428571427,0.0,42.5925925925926,57.407407407407405,0.0,3.571428571428571
161,7314.0,40.775512828757,34.61279894306709,24.61168822817591,2209.234146971458,SK Ludwigshafen,SK,Rheinland-Pfalz,51.9607843137255,36.601307189542474,11.111111111111109,0.32679738562091504,44.26229508196721,55.32786885245902,0.4098360655737705,0.6535947712418301
162,7315.0,44.96356819793845,32.2543501690325,22.782081633029048,2221.61055970531,SK Mainz,SK,Rheinland-Pfalz,38.209982788296045,35.283993115318424,25.47332185886403,1.032702237521515,51.689860834990064,48.11133200795229,0.1988071570576541,4.475043029259896
163,7316.0,34.45661172574697,33.754797922781655,31.788590351471363,453.9072508326928,SK Neustadt a.d.Weinstraße,SK,Rheinland-Pfalz,29.12621359223301,50.485436893203875,20.38834951456311,0.0,51.485148514851495,48.514851485148505,0.0,1.9417475728155336
164,7317.0,34.41823626958394,32.54956315125114,33.03220057916491,658.4582790091265,SK Pirmasens,SK,Rheinland-Pfalz,19.354838709677423,45.16129032258064,35.483870967741936,0.0,66.66666666666666,33.33333333333333,0.0,0.0
165,7318.0,35.06689427924888,35.30509349319148,29.628012227559648,1179.5364083352845,SK Speyer,SK,Rheinland-Pfalz,32.142857142857146,50.0,17.857142857142858,0.0,48.78048780487804,51.21951219512196,0.0,0.0
166,7319.0,38.924756990279604,33.972158886355444,27.10308412336493,766.3938195530212,SK Worms,SK,Rheinland-Pfalz,35.12195121951219,43.90243902439025,20.48780487804878,0.4878048780487805,50.25380710659898,49.74619289340102,0.0,3.414634146341464
167,7320.0,36.52839895933819,33.19886579555088,30.27273524511093,484.27236693091726,SK Zweibrücken,SK,Rheinland-Pfalz,36.111111111111114,41.66666666666667,22.222222222222218,0.0,58.33333333333334,41.66666666666667,0.0,2.7777777777777777
168,7331.0,35.695274055275284,36.666305592522676,27.63842035220204,219.77655721257668,LK Alzey-Worms,LK,Rheinland-Pfalz,30.916030534351147,38.54961832061068,30.152671755725194,0.38167938931297707,56.55737704918032,43.442622950819676,0.0,4.198473282442748
169,7332.0,31.901100557816967,36.3425297753656,31.75636966681743,223.0929638100364,LK Bad Dürkheim,LK,Rheinland-Pfalz,27.160493827160487,41.358024691358025,31.48148148148148,0.0,51.82724252491693,48.172757475083046,0.0,3.7037037037037033
170,7333.0,34.337758485239874,36.08473921785329,29.57750229690683,116.36169256751523,LK Donnersbergkreis,LK,Rheinland-Pfalz,28.57142857142857,53.383458646616546,18.045112781954888,0.0,58.51063829787234,40.42553191489361,1.0638297872340423,3.7593984962406015
171,7334.0,36.62134417974046,36.52217702885918,26.856478791400352,278.5871535871536,LK Germersheim,LK,Rheinland-Pfalz,22.97297297297297,53.37837837837838,23.64864864864865,0.0,48.59154929577465,51.40845070422535,0.0,3.3783783783783785
172,7335.0,35.70344248847318,35.049077382916735,29.247480128610093,165.7140625,LK Kaiserslautern,LK,Rheinland-Pfalz,36.27450980392157,45.098039215686285,18.62745098039216,0.0,56.00000000000001,44.0,0.0,0.0
173,7336.0,32.732609250489176,35.12463488642486,32.142755863085945,122.95327754532777,LK Kusel,LK,Rheinland-Pfalz,27.777777777777782,56.66666666666666,15.555555555555555,0.0,41.46341463414634,58.536585365853654,0.0,1.1111111111111112
174,7337.0,32.93794628293885,36.39222153756932,30.669832179491824,172.44472224392533,LK Südliche Weinstraße,LK,Rheinland-Pfalz,24.0,54.0,22.0,0.0,50.735294117647065,49.264705882352935,0.0,2.0
175,7338.0,34.01534360996361,36.25398019468097,29.73067619535541,505.5936260205252,LK Rhein-Pfalz-Kreis,LK,Rheinland-Pfalz,28.26086956521739,47.39130434782609,23.91304347826087,0.43478260869565216,53.365384615384606,46.634615384615394,0.0,2.1739130434782608
176,7339.0,34.91315336504038,37.39170843429482,27.695138200664807,348.36956521739125,LK Mainz-Bingen,LK,Rheinland-Pfalz,25.17814726840855,39.192399049881224,35.15439429928741,0.4750593824228029,52.77044854881266,46.965699208443276,0.2638522427440633,5.7007125890736345
177,7340.0,31.011533649448552,35.65022657260312,33.33823977794834,99.75144205558468,LK Südwestpfalz,LK,Rheinland-Pfalz,30.188679245283016,40.56603773584906,29.245283018867926,0.0,53.33333333333334,46.66666666666666,0.0,2.8301886792452837
178,8111.0,42.481451727234074,34.61651150701763,22.90203676574831,3061.9302561134423,SK Stuttgart,SK,Baden-Württemberg,35.02785515320334,40.459610027855156,24.37325905292479,0.1392757660167131,47.67657992565056,52.32342007434945,0.0,3.9693593314763223
179,8115.0,38.426616280257385,35.62531917066694,25.948064549075685,633.9576217686193,LK Böblingen,LK,Baden-Württemberg,24.962630792227202,42.82511210762332,32.21225710014948,0.0,50.11547344110855,49.653579676674354,0.2309468822170901,3.2884902840059786
180,8116.0,37.847633925811884,35.67402628784005,26.478339786348077,832.4897080838324,LK Esslingen,LK,Baden-Württemberg,24.775280898876403,39.26966292134831,35.95505617977528,0.0,51.84381778741865,48.15618221258135,0.0,5.955056179775281
181,8117.0,36.80384679673317,35.12378864386421,28.072364559402608,400.4935081109692,LK Göppingen,LK,Baden-Württemberg,25.348542458808623,40.43092522179975,34.22053231939163,0.0,50.71225071225072,49.28774928774929,0.0,5.069708491761722
182,8118.0,38.20332950969145,35.951057384040716,25.845613106267834,792.0905106513098,LK Ludwigsburg,LK,Baden-Württemberg,25.0,41.97459584295612,33.02540415704388,0.0,51.0349750178444,48.893647394718066,0.07137758743754463,4.099307159353349
183,8119.0,36.87458642099878,35.74566240690073,27.379751172100487,496.64133880290876,LK Rems-Murr-Kreis,LK,Baden-Württemberg,26.19363395225464,41.18037135278514,32.62599469496021,0.0,53.26315789473684,46.631578947368425,0.10526315789473684,5.039787798408488
184,8121.0,41.14322006986345,33.70911400444586,25.14766592569069,1260.9870857943738,SK Heilbronn,SK,Baden-Württemberg,24.76415094339623,47.87735849056603,27.35849056603773,0.0,54.970760233918135,45.029239766081865,0.0,3.7735849056603774
185,8125.0,37.829817995266254,36.47993983700025,25.690242167733512,311.905519542508,LK Heilbronn,LK,Baden-Württemberg,24.866023579849948,43.62272240085745,31.404072883172564,0.10718113612004287,51.1166253101737,48.8833746898263,0.0,4.072883172561629
186,8126.0,38.25908401035622,35.545933398803676,26.194982590840105,144.20155517791852,LK Hohenlohekreis,LK,Baden-Württemberg,20.49934296977661,39.68462549277267,39.159001314060454,0.657030223390276,52.95358649789029,46.83544303797469,0.21097046413502107,5.781865965834428
187,8127.0,38.615650895277774,35.325562516274296,26.05878658844793,131.97558066668014,LK Schwäbisch Hall,LK,Baden-Württemberg,24.0521327014218,38.27014218009479,37.677725118483416,0.0,50.86551264980027,49.13448735019973,0.0,6.6350710900473935
188,8128.0,35.47811760793827,34.840274786315085,29.681607605746628,101.46304432840284,LK Main-Tauber-Kreis,LK,Baden-Württemberg,25.44529262086514,46.055979643765895,28.498727735368963,0.0,50.750750750750754,48.64864864864865,0.6006006006006006,2.5445292620865136
189,8135.0,36.99045836101214,34.6156168850776,28.39392475391026,211.23194183117008,LK Heidenheim,LK,Baden-Württemberg,34.645669291338585,33.267716535433074,31.49606299212598,0.5905511811023622,52.32876712328767,47.671232876712324,0.0,7.677165354330709
190,8136.0,37.80294393029344,34.949140451334706,27.24791561837186,207.75984702620804,LK Ostalbkreis,LK,Baden-Württemberg,42.23744292237443,36.377473363774726,21.38508371385084,0.0,48.84353741496599,50.204081632653065,0.9523809523809524,2.359208523592085
191,8211.0,32.49097472924188,34.61531484135479,32.89371042940333,393.20208288750985,SK Baden-Baden,SK,Baden-Württemberg,19.021739130434785,35.869565217391305,45.10869565217392,0.0,51.11111111111111,48.88888888888889,0.0,10.326086956521738
192,8212.0,43.1167196862264,33.09730047398209,23.785979839791498,1805.3973013493253,SK Karlsruhe,SK,Baden-Württemberg,31.6622691292876,43.271767810026375,25.065963060686013,0.0,47.17514124293786,52.54237288135593,0.2824858757062147,2.9023746701846966
193,8215.0,35.95216013254335,36.242548938392545,27.80529092906409,409.3247825445968,LK Karlsruhe,LK,Baden-Württemberg,20.021528525296016,40.15069967707211,39.82777179763186,0.0,53.521126760563384,46.478873239436616,0.0,8.073196986006456
194,8216.0,35.473426313101136,35.852617544953205,28.67395614194565,312.85023631217587,LK Rastatt,LK,Baden-Württemberg,22.65625,47.65625,29.6875,0.0,45.393258426966284,54.606741573033716,0.0,3.125
195,8221.0,47.411056717907144,31.32612017087088,21.262823111221977,1472.6329323170169,SK Heidelberg,SK,Baden-Württemberg,42.12328767123288,39.38356164383561,18.493150684931507,0.0,50.37313432835821,49.62686567164179,0.0,2.3972602739726026
196,8222.0,41.95138507289007,34.0495199922423,23.999094934867635,2134.0277298751466,SK Mannheim,SK,Baden-Württemberg,39.112050739957716,43.76321353065539,17.12473572938689,0.0,48.40909090909091,51.59090909090909,0.0,2.1141649048625792
197,8225.0,35.707667119517886,35.41226878461699,28.880064095865126,127.48014991917864,LK Neckar-Odenwald-Kreis,LK,Baden-Württemberg,24.29906542056075,41.588785046728965,34.11214953271028,0.0,51.59420289855072,48.40579710144928,0.0,5.140186915887849
198,8226.0,35.99379137183293,35.917644373430726,28.08856425473636,515.8730158730159,LK Rhein-Neckar-Kreis,LK,Baden-Württemberg,27.176220806794056,43.63057324840764,29.193205944798304,0.0,50.062266500622655,49.937733499377345,0.0,3.927813163481953
199,8231.0,40.984690382501476,32.95391183826926,26.06139777922926,1280.1264402977465,SK Pforzheim,SK,Baden-Württemberg,40.79320113314447,42.20963172804532,16.997167138810198,0.0,48.27586206896552,51.72413793103448,0.0,2.26628895184136
200,8235.0,36.70397797938092,35.65850363327588,27.637518387343196,198.66924205746966,LK Calw,LK,Baden-Württemberg,28.961748633879782,43.579234972677604,27.459016393442624,0.0,56.196943972835314,43.46349745331069,0.3395585738539898,3.278688524590164
201,8236.0,36.132827229079204,36.01317211734245,27.854000653578343,346.76603905160385,LK Enzkreis,LK,Baden-Württemberg,28.11501597444089,43.76996805111821,27.316293929712455,0.7987220447284344,51.0593220338983,48.09322033898305,0.8474576271186439,2.7156549520766773
202,8237.0,37.05600542671811,35.47886547674566,27.46512909653623,135.49673135031423,LK Freudenstadt,LK,Baden-Württemberg,20.0,46.3716814159292,33.628318584070804,0.0,54.732510288065846,45.267489711934154,0.0,6.548672566371682
203,8311.0,46.45653901781178,31.811449741792302,21.732011240395927,1504.4498170412965,SK Freiburg i.Breisgau,SK,Baden-Württemberg,32.35602094240838,37.4869109947644,30.157068062827225,0.0,55.52825552825554,44.34889434889435,0.12285012285012285,7.958115183246073
204,8315.0,36.44209364713941,34.976692859453195,28.58121349340741,190.66465454070564,LK Breisgau-Hochschwarzwald,LK,Baden-Württemberg,19.34046345811052,41.53297682709447,39.12655971479501,0.0,51.74603174603176,48.253968253968246,0.0,5.793226381461675
205,8316.0,36.303005750288726,35.84769897752489,27.849295272186378,243.28542638167667,LK Emmendingen,LK,Baden-Württemberg,17.953667953667953,40.34749034749036,41.698841698841704,0.0,54.56521739130434,45.43478260869565,0.0,7.722007722007723
206,8317.0,37.157113619059366,35.15026345874885,27.692622922191767,232.1081530961877,LK Ortenaukreis,LK,Baden-Württemberg,18.675721561969446,41.086587436332756,40.2376910016978,0.0,56.34365634365635,43.65634365634365,0.0,9.252971137521223
207,8325.0,37.18403786167581,35.10953354128572,27.706428597038478,181.24691325933819,LK Rottweil,LK,Baden-Württemberg,29.104477611940304,42.985074626865675,27.761194029850746,0.1492537313432836,50.25295109612141,49.57841483979764,0.16863406408094433,3.7313432835820888
208,8326.0,37.228848154966784,33.84389375697449,28.92725808805873,207.13428847297942,LK Schwarzwald-Baar-Kreis,LK,Baden-Württemberg,24.908424908424912,42.307692307692314,32.78388278388278,0.0,52.0242914979757,47.97570850202429,0.0,4.5787545787545785
209,8327.0,39.45573377475883,34.65095039671214,25.893315828529023,190.84397723249543,LK Tuttlingen,LK,Baden-Württemberg,25.0,41.532258064516135,33.46774193548387,0.0,50.23148148148147,49.768518518518526,0.0,4.032258064516129
210,8335.0,39.043196355033736,33.91185490230439,27.044948742661877,348.8165969828113,LK Konstanz,LK,Baden-Württemberg,31.222707423580786,44.54148471615721,24.235807860262014,0.0,49.757281553398066,50.242718446601934,0.0,3.056768558951965
211,8336.0,37.1581401248256,35.94181220176785,26.900047673406547,283.42155173482416,LK Lörrach,LK,Baden-Württemberg,20.902255639097746,40.30075187969925,38.796992481203006,0.0,52.33333333333333,47.33333333333334,0.33333333333333337,8.571428571428571
212,8337.0,37.1851903949736,34.73352909113287,28.08128051389353,150.8434267527186,LK Waldshut,LK,Baden-Württemberg,18.181818181818183,36.03896103896104,45.77922077922078,0.0,58.075601374570454,41.924398625429546,0.0,11.363636363636365
213,8415.0,37.763471759175296,35.25674111066163,26.979787130163068,278.97845016296156,LK Reutlingen,LK,Baden-Württemberg,20.184696569920842,39.379947229551455,39.775725593667545,0.6596306068601583,53.61702127659574,45.21276595744681,1.1702127659574468,4.5514511873350925
214,8416.0,43.60557952940866,32.996379728237685,23.398040742353658,437.9160887656033,LK Tübingen,LK,Baden-Württemberg,28.369905956112852,39.6551724137931,31.974921630094048,0.0,55.231388329979886,44.668008048289735,0.1006036217303823,4.310344827586206
215,8417.0,35.90970439569164,35.099902082726864,28.990393521581503,205.90575208701145,LK Zollernalbkreis,LK,Baden-Württemberg,21.96776929601357,37.913486005089055,40.118744698897366,0.0,54.795918367346935,45.204081632653065,0.0,6.106870229007633
216,8421.0,43.429458002517244,32.779488478496624,23.79105351898614,1064.4506235254464,SK Ulm,SK,Baden-Württemberg,33.2129963898917,46.93140794223825,19.855595667870034,0.0,50.0,50.0,0.0,1.8050541516245489
217,8425.0,38.577994052446606,35.64706422439517,25.774941723158225,144.30606160980454,LK Alb-Donau-Kreis,LK,Baden-Württemberg,25.08038585209003,48.874598070739545,26.04501607717042,0.0,55.67970204841714,44.32029795158287,0.0,3.3762057877813514
218,8426.0,39.42185419190756,35.549358672687774,25.028787135404677,141.70822898412948,LK Biberach,LK,Baden-Württemberg,28.76480541455161,39.763113367174284,31.472081218274113,0.0,53.24165029469549,45.38310412573674,1.3752455795677798,5.583756345177664
219,8435.0,36.09586221887183,34.85457412811536,29.049563653012804,325.2560959099866,LK Bodenseekreis,LK,Baden-Württemberg,25.951557093425606,49.480968858131476,24.567474048442907,0.0,46.511627906976734,53.48837209302325,0.0,2.7681660899653977
220,8436.0,38.9475350440579,34.89913291239425,26.15333204354785,174.18356718338342,LK Ravensburg,LK,Baden-Württemberg,26.032315978456012,48.1149012567325,25.852782764811487,0.0,51.157894736842096,48.84210526315789,0.0,1.2567324955116697
221,8437.0,37.789307190940825,35.077517899031875,27.13317491002728,108.67774428472966,LK Sigmaringen,LK,Baden-Württemberg,25.161290322580644,47.61290322580646,27.225806451612907,0.0,53.01391035548686,46.83153013910356,0.1545595054095827,4.258064516129032
222,9161.0,41.395522006701654,34.56902782137669,24.03545017192165,1027.2290963629546,SK Ingolstadt,SK,Bayern,32.279909706546285,33.40857787810384,34.08577878103837,0.2257336343115124,57.48031496062992,42.51968503937008,0.0,7.900677200902934
223,9162.0,42.30272618293615,35.2558735664366,22.441400250627247,4735.953139583535,SK München,SK,Bayern,37.049441786283886,41.05263157894737,21.897926634768737,0.0,48.594249201277954,51.34185303514378,0.06389776357827476,2.9665071770334928
224,9163.0,40.16802476154381,34.2713663066136,25.56060893184259,1701.3433637829125,SK Rosenheim,SK,Bayern,39.80198019801981,40.0,20.198019801980198,0.0,50.995024875621894,49.0049751243781,0.0,4.554455445544554
225,9171.0,36.22605880766118,35.20816473338728,28.56577645895153,195.34859210595658,LK Altötting,LK,Bayern,19.798657718120804,41.2751677852349,38.758389261744966,0.16778523489932887,53.63128491620112,46.36871508379888,0.0,8.389261744966444
226,9172.0,36.04074837782108,34.18588373280868,29.773367889370235,125.88500053582271,LK Berchtesgadener Land,LK,Bayern,18.181818181818183,39.73063973063972,42.0875420875421,0.0,48.54368932038835,51.45631067961165,0.0,7.4074074074074066
227,9173.0,36.503257956251424,35.97192419847988,27.524817845268693,114.5497762611757,LK Bad Tölz-Wolfratshausen,LK,Bayern,28.537170263788965,46.28297362110312,25.179856115107913,0.0,45.95300261096606,54.046997389033955,0.0,2.3980815347721824
228,9174.0,38.18850562761561,37.45678563073484,24.35470874164956,265.70205124663306,LK Dachau,LK,Bayern,31.71806167400881,41.519823788546255,26.762114537444933,0.0,48.16824966078697,51.83175033921303,0.0,3.0837004405286343
229,9175.0,37.837514598077966,37.88605760436747,24.27642779755456,258.7222424463051,LK Ebersberg,LK,Bayern,41.164658634538156,42.77108433734939,16.06425702811245,0.0,46.191646191646186,53.80835380835379,0.0,1.0040160642570282
230,9176.0,39.880309201230155,36.34550139412577,23.774189404644066,109.02492873972288,LK Eichstätt,LK,Bayern,25.78397212543554,49.477351916376314,24.738675958188157,0.0,53.93700787401576,46.06299212598425,0.0,5.923344947735193
231,9177.0,38.5224466075839,38.56385297108819,22.91370042132791,158.09359747344243,LK Erding,LK,Bayern,35.526315789473685,44.40789473684211,20.065789473684205,0.0,48.4375,51.5625,0.0,1.8092105263157896
232,9178.0,41.14205319457781,37.51256169186449,21.345385113557693,223.93698818528478,LK Freising,LK,Bayern,24.109867751780268,40.18311291963377,35.707019328585965,0.0,51.45631067961165,48.54368932038835,0.0,4.069175991861648
233,9179.0,36.73627576144447,36.032737552434796,27.23098668612074,504.4158233670653,LK Fürstenfeldbruck,LK,Bayern,29.458239277652375,42.21218961625282,28.329571106094807,0.0,48.2614742698192,50.76495132127955,0.9735744089012516,3.8374717832957113
234,9180.0,34.209366204347376,34.446742853267324,31.343890942385286,87.39984785765799,LK Garmisch-Partenkirchen,LK,Bayern,25.26315789473684,38.59649122807017,35.78947368421053,0.3508771929824561,54.435483870967744,45.564516129032256,0.0,6.315789473684211
235,9181.0,36.712445136627494,37.058906813468695,26.228648049903807,149.27520015913274,LK Landsberg a.Lech,LK,Bayern,34.53038674033149,42.26519337016575,23.204419889502763,0.0,47.39336492890995,50.71090047393365,1.895734597156398,2.7624309392265194
236,9182.0,35.01092994805768,36.251328640474895,28.73774141146742,115.12779663364964,LK Miesbach,LK,Bayern,25.932504440497326,49.200710479573715,24.866785079928952,0.0,47.61904761904761,52.38095238095239,0.0,1.7761989342806392
237,9183.0,37.637310195227755,35.89154013015185,26.47114967462039,143.10903604733463,LK Mühldorf a.Inn,LK,Bayern,31.451612903225808,34.87903225806452,33.66935483870967,0.0,56.44171779141104,43.55828220858896,0.0,5.443548387096773
238,9184.0,37.754356194696605,36.460754834881655,25.78488897042173,525.2024809562521,LK München,LK,Bayern,28.6770140428677,42.719881744271994,28.52919438285292,0.07390983000739099,49.24114671163575,47.21753794266442,3.541315345699832,4.951958610495197
239,9185.0,37.98200248241621,36.37153496069508,25.646462556888704,130.69810198453467,LK Neuburg-Schrobenhausen,LK,Bayern,30.555555555555557,41.04938271604939,28.395061728395056,0.0,53.19148936170214,44.680851063829785,2.127659574468085,4.320987654320987
240,9186.0,38.34024113062422,37.06301955942147,24.59673930995431,167.075317985914,LK Pfaffenhofen a.d.Ilm,LK,Bayern,24.09972299168975,44.875346260387815,31.02493074792244,0.0,51.34328358208955,48.65671641791045,0.0,5.263157894736842
241,9187.0,36.40467003597935,35.855975293409905,27.739354670610727,181.30744381534612,LK Rosenheim,LK,Bayern,26.37460885113992,38.980777827447476,34.64461332141261,0.0,53.02061122956645,46.97938877043354,0.0,7.957085382208315
242,9188.0,34.85950680422067,36.168915145636774,28.97157805014255,279.0371524645288,LK Starnberg,LK,Bayern,31.712062256809336,45.52529182879378,22.76264591439689,0.0,48.232323232323225,51.51515151515152,0.2525252525252525,2.3346303501945527
243,9189.0,35.77861979004907,34.92142369091248,29.29995651903845,115.46069789276028,LK Traunstein,LK,Bayern,29.397967161845195,38.2329945269742,32.29085222830336,0.07818608287724785,51.07778819119025,48.92221180880975,0.0,6.645817044566067
244,9190.0,36.358867511895255,35.459703874456956,28.181428613647782,140.06830176963678,LK Weilheim-Schongau,LK,Bayern,31.28654970760234,46.19883040935672,22.514619883040933,0.0,44.137931034482754,55.51724137931034,0.3448275862068966,0.8771929824561403
245,9261.0,39.064140102756745,34.7107894591459,26.22507043809734,1099.8632842169222,SK Landshut,SK,Bayern,37.09090909090909,38.54545454545455,24.363636363636363,0.0,42.62948207171315,57.37051792828686,0.0,3.636363636363636
246,9262.0,42.487945262917144,30.11873677790696,27.393317959175896,754.2984473835538,SK Passau,SK,Bayern,17.05426356589147,34.10852713178294,48.83720930232558,0.0,56.45161290322582,42.74193548387097,0.8064516129032258,13.953488372093025
247,9263.0,36.910490856592865,35.21990207975897,27.869607063648157,707.1164373428021,SK Straubing,SK,Bayern,19.138755980861248,35.406698564593306,45.45454545454545,0.0,55.555555555555564,44.444444444444436,0.0,10.76555023923445
248,9271.0,36.758124800965426,35.989641821564454,27.25223337747013,138.56265313468887,LK Deggendorf,LK,Bayern,28.478964401294498,42.071197411003226,29.449838187702266,0.0,50.522648083623686,49.477351916376314,0.0,4.207119741100324
249,9272.0,34.40750430731925,36.00536021951375,29.587135473167,79.63958653074084,LK Freyung-Grafenau,LK,Bayern,24.33862433862434,38.62433862433862,37.03703703703704,0.0,55.91397849462365,44.08602150537634,0.0,6.349206349206349
250,9273.0,38.48746094325116,36.45814588820364,25.054393168545214,114.78115552885065,LK Kelheim,LK,Bayern,26.07709750566893,43.76417233560091,30.158730158730158,0.0,54.4973544973545,45.5026455026455,0.0,7.7097505668934225
251,9274.0,37.35396791389935,37.52158187248737,25.124450213613283,117.76605296941904,LK Landshut,LK,Bayern,23.520485584218516,36.722306525037936,39.757207890743544,0.0,52.85961871750433,47.14038128249567,0.0,4.400606980273142
252,9275.0,34.78439724436715,35.94715766781397,29.268445087818872,125.50927711079595,LK Passau,LK,Bayern,34.36363636363636,33.45454545454545,32.18181818181819,0.0,52.609603340292274,46.5553235908142,0.8350730688935281,4.181818181818182
253,9276.0,34.86144019779541,35.364942824765635,29.77361697743896,79.66352072219942,LK Regen,LK,Bayern,41.23711340206185,37.62886597938145,21.1340206185567,0.0,38.75,61.25000000000001,0.0,5.154639175257731
254,9277.0,36.17964677313752,35.48264116228379,28.33771206457869,94.17508312389755,LK Rottal-Inn,LK,Bayern,20.987654320987648,43.895747599451305,35.11659807956104,0.0,55.121951219512205,44.878048780487816,0.0,6.035665294924554
255,9278.0,36.54979185088773,36.94522548659202,26.504982662520245,83.76108919625173,LK Straubing-Bogen,LK,Bayern,26.492537313432837,43.28358208955223,30.223880597014922,0.0,56.11353711790393,43.44978165938865,0.4366812227074235,5.037313432835822
256,9279.0,37.63264288015631,36.523691239593845,25.843665880249855,109.63900726999249,LK Dingolfing-Landau,LK,Bayern,22.92682926829269,46.82926829268293,30.243902439024392,0.0,51.51515151515152,48.48484848484848,0.0,3.414634146341464
257,9361.0,35.77317131284251,33.809864188706214,30.41696449845127,837.2232196289647,SK Amberg,SK,Bayern,31.645569620253173,41.77215189873418,26.58227848101265,0.0,56.4102564102564,43.5897435897436,0.0,5.063291139240507
258,9362.0,44.9714959701199,32.787497542756036,22.24100648712404,1887.5695732838592,SK Regensburg,SK,Bayern,44.0,37.63636363636363,17.81818181818182,0.5454545454545455,50.10660980810234,49.68017057569296,0.2132196162046908,1.6363636363636365
259,9363.0,36.16650987770461,34.0310442144873,29.80244590780809,602.522318265552,SK Weiden i.d.OPf.,SK,Bayern,23.974763406940063,37.53943217665615,38.48580441640379,0.0,54.22885572139303,45.77114427860697,0.0,6.309148264984227
260,9371.0,35.104598046727254,36.333394757004726,28.562007196268024,82.10165064855441,LK Amberg-Sulzbach,LK,Bayern,20.867768595041326,32.85123966942149,46.280991735537185,0.0,60.204081632653065,39.795918367346935,0.0,9.090909090909092
261,9372.0,35.564817566193845,35.984735928434034,28.450446505372142,84.12569977567708,LK Cham,LK,Bayern,27.446300715990446,40.572792362768496,31.98090692124105,0.0,52.331606217616574,47.668393782383426,0.0,4.77326968973747
262,9373.0,37.40837519934711,36.76821826730857,25.823406533344308,99.37870174707581,LK Neumarkt i.d.OPf.,LK,Bayern,32.425068119891016,39.50953678474114,28.06539509536784,0.0,53.02491103202846,46.97508896797154,0.0,4.087193460490464
263,9374.0,35.37603866372732,36.3542903171104,28.26967101916228,66.08625000875527,LK Neustadt a.d.Waldnaab,LK,Bayern,22.375,37.875,39.75,0.0,50.437317784256564,49.562682215743436,0.0,8.375
264,9375.0,36.407641601058,37.40055379910318,26.191804599838814,139.09331953695914,LK Regensburg,LK,Bayern,25.219298245614038,50.0,24.780701754385966,0.0,50.83932853717026,49.160671462829725,0.0,3.070175438596491
265,9376.0,36.06111869772877,36.45856687660083,27.4803144256704,100.46619251088691,LK Schwandorf,LK,Bayern,24.64065708418891,43.53182751540041,31.827515400410682,0.0,52.75779376498802,47.00239808153478,0.2398081534772182,3.2854209445585223
266,9377.0,34.0422597373938,35.67941079112876,30.27832947147743,66.87018676504496,LK Tirschenreuth,LK,Bayern,19.47136563876652,36.47577092511013,44.05286343612335,0.0,56.68449197860963,43.208556149732615,0.106951871657754,11.71806167400881
267,9461.0,43.29698938034849,31.91179503041551,24.791215589236003,1420.578542658367,SK Bamberg,SK,Bayern,28.421052631578945,35.26315789473684,36.31578947368421,0.0,55.17241379310346,44.2528735632184,0.5747126436781609,8.947368421052632
268,9462.0,42.40995486022744,30.25168436985145,27.338360769921106,1116.1160113619376,SK Bayreuth,SK,Bayern,30.582524271844655,33.00970873786408,36.40776699029127,0.0,53.36787564766839,46.63212435233161,0.0,5.825242718446603
269,9463.0,36.84452956435307,32.880797110232976,30.274673325413946,854.1934147856699,SK Coburg,SK,Bayern,35.8974358974359,39.74358974358975,24.35897435897436,0.0,50.649350649350644,49.35064935064935,0.0,1.282051282051282
270,9464.0,36.54038754626605,32.67363379055084,30.78597866318311,791.6235780765253,SK Hof,SK,Bayern,31.53153153153153,47.747747747747745,20.720720720720717,0.0,50.0,50.0,0.0,3.603603603603604
271,9471.0,36.41271093101995,37.5113878955169,26.075901173463144,125.95136153450936,LK Bamberg,LK,Bayern,25.742574257425748,42.07920792079208,32.17821782178218,0.0,57.3134328358209,42.68656716417911,0.0,8.663366336633661
272,9472.0,33.35841630006946,36.943351084355946,29.698232615574593,81.38627387859896,LK Bayreuth,LK,Bayern,23.31730769230769,38.70192307692308,37.980769230769226,0.0,52.849740932642476,47.150259067357524,0.0,6.490384615384616
273,9473.0,33.43152371527858,36.043541297493846,30.524934987227578,147.1935232546323,LK Coburg,LK,Bayern,19.014084507042245,35.56338028169015,45.07042253521128,0.3521126760563381,58.50622406639005,41.49377593360996,0.0,5.985915492957746
274,9474.0,35.75569126349064,36.82460658575871,27.419702150750645,180.6060700340681,LK Forchheim,LK,Bayern,33.65853658536586,43.90243902439025,22.439024390243908,0.0,50.26178010471204,49.73821989528796,0.0,1.951219512195122
275,9475.0,31.238786708774434,35.50377186263915,33.25744142858642,106.78864339174473,LK Hof,LK,Bayern,23.623853211009173,39.90825688073394,36.23853211009175,0.22935779816513766,55.0761421319797,44.92385786802031,0.0,6.8807339449541285
276,9476.0,31.220674759812322,36.81686154762792,31.962463692559773,103.04839675206064,LK Kronach,LK,Bayern,29.33333333333333,46.66666666666666,24.0,0.0,52.447552447552454,46.853146853146846,0.6993006993006993,2.0
277,9477.0,31.94515971883917,36.36578745911337,31.68905282204746,109.13054045022328,LK Kulmbach,LK,Bayern,33.054393305439326,43.09623430962343,23.84937238493724,0.0,55.26315789473685,44.73684210526316,0.0,4.602510460251046
278,9478.0,33.729315658756995,36.293725126425095,29.97695921481792,128.54944801323228,LK Lichtenfels,LK,Bayern,30.241935483870968,39.91935483870967,29.838709677419356,0.0,53.45622119815668,46.54377880184332,0.0,2.419354838709677
279,9479.0,31.51630271393041,34.618327912760655,33.86536937330892,120.68209179214013,LK Wunsiedel i.Fichtelgebirge,LK,Bayern,20.186335403726712,42.39130434782609,37.42236024844721,0.0,55.17857142857143,44.82142857142858,0.0,6.055900621118012
280,9561.0,38.17238989652783,34.028723683896104,27.79888641957607,418.8469622660393,SK Ansbach,SK,Bayern,22.62773722627737,43.79562043795621,33.57664233576642,0.0,58.59375,40.625,0.78125,5.109489051094892
281,9562.0,44.67319269037709,32.53425269287794,22.792554616744965,1454.8076923076926,SK Erlangen,SK,Bayern,39.68871595330739,38.13229571984436,22.17898832684825,0.0,50.20920502092049,49.79079497907951,0.0,3.891050583657588
282,9563.0,38.55167986974356,36.972007389548175,24.47631274070827,2016.5430149960534,SK Fürth,SK,Bayern,21.409921671018274,36.81462140992167,41.51436031331593,0.2610966057441253,52.416356877323416,47.21189591078067,0.3717472118959108,8.87728459530026
283,9564.0,39.93055086666731,34.295911182275034,25.773537951057648,2780.1823545186376,SK Nürnberg,SK,Bayern,33.26904532304725,37.99421407907426,28.73674059787849,0.0,52.03160270880362,47.62979683972912,0.33860045146726864,3.760848601735777
284,9565.0,35.842812316140424,36.08305550107864,28.074132182780932,999.8039215686276,SK Schwabach,SK,Bayern,24.675324675324674,54.54545454545454,20.779220779220783,0.0,50.0,48.57142857142857,1.4285714285714286,2.5974025974025974
285,9571.0,37.00156021505961,35.95398724646505,27.04445253847534,93.3121293745847,LK Ansbach,LK,Bayern,30.084033613445378,40.504201680672274,29.411764705882355,0.0,52.34215885947047,47.45417515274949,0.20366598778004072,4.369747899159663
286,9572.0,35.79925295917693,36.77598315122073,27.424763889602342,241.37558452600257,LK Erlangen-Höchstadt,LK,Bayern,24.3801652892562,42.56198347107439,33.057851239669425,0.0,49.77777777777778,49.77777777777778,0.4444444444444444,2.479338842975207
287,9573.0,33.81123974545733,36.52107984700179,29.66768040754087,381.82084309133484,LK Fürth,LK,Bayern,17.706237424547282,30.985915492957744,51.307847082494966,0.0,56.43564356435643,43.56435643564357,0.0,11.26760563380282
288,9574.0,34.33627799137147,36.542130132362864,29.121591876265658,213.08410046027615,LK Nürnberger Land,LK,Bayern,22.9903536977492,43.40836012861736,33.60128617363344,0.0,52.71028037383178,47.102803738317746,0.1869158878504673,7.07395498392283
289,9575.0,36.06870989597864,35.975050815033285,27.956239288988083,79.18576669691113,LK Neustadt a.d.Aisch-Bad Windsheim,LK,Bayern,24.89626556016597,48.54771784232365,26.55601659751037,0.0,51.30890052356021,48.69109947643979,0.0,2.489626556016597
290,9576.0,35.71889916350289,36.573512500196905,27.707588336300198,141.82874378595767,LK Roth,LK,Bayern,31.487889273356398,43.944636678200695,24.567474048442907,0.0,53.744493392070474,46.255506607929505,0.0,2.4221453287197234
291,9577.0,36.022798300721455,35.142436409479515,28.834765289799034,97.23418282206062,LK Weißenburg-Gunzenhausen,LK,Bayern,24.605678233438486,35.646687697160885,39.74763406940063,0.0,46.01769911504425,53.98230088495575,0.0,5.993690851735016
292,9661.0,37.61112765323919,35.131226338848954,27.257646007911863,1129.3354683746998,SK Aschaffenburg,SK,Bayern,35.08771929824561,46.49122807017544,18.421052631578945,0.0,57.84313725490197,42.15686274509804,0.0,0.8771929824561403
293,9662.0,38.6641249629849,31.362896061593126,29.972978975421967,1513.501400560224,SK Schweinfurt,SK,Bayern,33.91812865497076,32.16374269005848,33.91812865497076,0.0,53.74149659863946,42.17687074829932,4.081632653061225,10.526315789473683
294,9663.0,45.007037847982474,29.530810134501092,25.462152017516424,1459.8173515981734,SK Würzburg,SK,Bayern,29.247311827956988,27.31182795698925,43.225806451612904,0.21505376344086025,53.231939163498105,46.768060836501895,0.0,10.53763440860215
295,9671.0,34.69014052167524,36.71645389419545,28.593405584129318,249.26026613249397,LK Aschaffenburg,LK,Bayern,18.234165067178505,39.347408829174654,42.418426103646844,0.0,55.2915766738661,44.492440604751614,0.21598272138228944,6.90978886756238
296,9672.0,33.06981340463872,34.90476467282838,32.02542192253289,90.79377924773935,LK Bad Kissingen,LK,Bayern,20.866141732283467,34.25196850393701,44.88188976377953,0.0,51.5625,47.39583333333333,1.0416666666666663,7.480314960629923
297,9673.0,35.09599698832978,35.206424896473834,29.69757811519639,77.99592843440473,LK Rhön-Grabfeld,LK,Bayern,35.9375,38.02083333333333,26.04166666666667,0.0,50.0,49.45054945054945,0.5494505494505495,3.125
298,9674.0,35.43895317911559,36.21201196231634,28.34903485856807,88.47509386209852,LK Haßberge,LK,Bayern,36.129032258064505,38.70967741935485,25.161290322580644,0.0,51.67785234899329,48.322147651006716,0.0,3.870967741935484
299,9675.0,36.27253627253627,36.12403612403613,27.603427603427605,132.88069693337619,LK Kitzingen,LK,Bayern,43.085106382978715,29.25531914893617,27.127659574468087,0.5319148936170213,48.66666666666667,50.0,1.3333333333333337,1.5957446808510638
300,9676.0,35.234086178508186,36.503929913945754,28.261983907546053,179.932362559043,LK Miltenberg,LK,Bayern,27.33564013840831,47.750865051903105,24.91349480968858,0.0,50.54945054945055,49.45054945054945,0.0,1.7301038062283738
301,9677.0,33.687334309341985,35.8983895857239,30.41427610493412,95.64483533783935,LK Main-Spessart,LK,Bayern,33.112582781456965,39.0728476821192,27.81456953642384,0.0,52.112676056338024,47.88732394366197,0.0,3.9735099337748343
302,9678.0,35.31353708755408,35.632373638211725,29.05408927423419,136.80457338451848,LK Schweinfurt,LK,Bayern,38.74239350912779,34.88843813387424,26.369168356997967,0.0,54.06162464985994,44.81792717086835,1.1204481792717087,5.0709939148073016
303,9679.0,35.53826760754848,35.94053165589431,28.521200736557212,167.12173158742615,LK Würzburg,LK,Bayern,28.60635696821516,45.721271393643036,25.672371638141808,0.0,52.77777777777778,47.22222222222222,0.0,2.2004889975550124
304,9761.0,41.44984498619276,33.505683839598824,25.04447117420841,2009.498195683257,SK Augsburg,SK,Bayern,37.82383419689119,38.860103626943,23.316062176165804,0.0,52.54237288135593,47.45762711864407,0.0,3.6269430051813463
305,9762.0,36.775795684961146,33.750256305105594,29.473948009933252,1096.7766116941527,SK Kaufbeuren,SK,Bayern,36.111111111111114,33.33333333333333,30.555555555555557,0.0,52.83018867924528,47.16981132075472,0.0,3.7037037037037033
306,9763.0,39.26306471040678,32.585949177877424,28.15098611171579,1088.9222503160556,SK Kempten,SK,Bayern,25.742574257425748,36.63366336633664,37.623762376237615,0.0,50.57471264367817,49.42528735632184,0.0,9.900990099009901
307,9764.0,37.516253393252285,34.43438191482081,28.049364691926908,625.2603052346312,SK Memmingen,SK,Bayern,9.803921568627453,58.82352941176471,31.37254901960784,0.0,50.0,50.0,0.0,0.0
308,9771.0,36.998862241384465,36.85439683822869,26.14674092038684,171.2242386957859,LK Aichach-Friedberg,LK,Bayern,18.947368421052637,44.561403508771924,36.49122807017544,0.0,51.34099616858238,48.27586206896552,0.3831417624521072,7.0175438596491215
309,9772.0,36.563645471387574,36.36526274777962,27.07109178083281,234.942369841774,LK Augsburg,LK,Bayern,24.093264248704664,44.04145077720207,31.86528497409327,0.0,44.759206798866856,54.95750708215298,0.28328611898017,2.0725388601036268
310,9773.0,37.18353276887348,35.73176700930004,27.084700221826477,121.20343839541547,LK Dillingen a.d.Donau,LK,Bayern,24.334600760456272,33.840304182509506,41.825095057034225,0.0,56.81818181818182,43.18181818181818,0.0,9.125475285171104
311,9774.0,37.82356636738848,36.1296889786635,26.04674465394801,164.93572927597063,LK Günzburg,LK,Bayern,28.270042194092827,41.35021097046413,30.37974683544304,0.0,54.10628019323672,45.893719806763286,0.0,1.6877637130801686
312,9775.0,38.014925373134325,35.432261768082654,26.55281285878301,337.70161290322585,LK Neu-Ulm,LK,Bayern,25.05910165484633,36.406619385342786,38.29787234042553,0.2364066193853428,50.73746312684365,49.26253687315635,0.0,5.91016548463357
313,9776.0,35.380621778153284,35.7320403090524,28.88733791279433,252.54027644639598,LK Lindau,LK,Bayern,33.75,41.25,25.0,0.0,47.3170731707317,52.6829268292683,0.0,3.333333333333333
314,9777.0,37.012885201972686,35.404372986687186,27.58274181134012,100.6246190254222,LK Ostallgäu,LK,Bayern,25.548902195608783,36.526946107784426,37.92415169660679,0.0,50.82742316784869,48.93617021276596,0.2364066193853428,6.786427145708583
315,9778.0,37.126929138231475,35.44754618476684,27.42552467700169,117.1455525825682,LK Unterallgäu,LK,Bayern,31.734317343173426,35.05535055350554,33.210332103321036,0.0,53.24074074074075,46.75925925925926,0.0,4.7970479704797055
316,9779.0,37.54644333912627,36.00707137292503,26.4464852879487,104.73724677933123,LK Donau-Ries,LK,Bayern,24.277456647398843,39.884393063583815,35.83815028901734,0.0,58.1081081081081,41.8918918918919,0.0,6.647398843930636
317,9780.0,35.177199057684625,35.50997026299868,29.312830679316694,101.67736699847514,LK Oberallgäu,LK,Bayern,24.855491329479772,49.710982658959544,25.433526011560694,0.0,51.19047619047619,48.80952380952381,0.0,4.0462427745664735
318,10041.0,36.32122969415362,33.53482475402477,30.14394555182161,802.3068499817497,LK Stadtverband Saarbrücken,LK,Saarland,22.142286171063148,33.65307753796962,44.204636290967215,0.0,51.834319526627205,43.55029585798816,4.615384615384616,8.393285371702639
319,10042.0,33.10759824313604,36.244026082077276,30.648375674786678,185.68964897783212,LK Merzig-Wadern,LK,Saarland,28.43137254901961,41.17647058823529,30.392156862745093,0.0,55.483870967741936,44.516129032258064,0.0,0.9803921568627452
320,10043.0,32.652073279578836,35.033962149978066,32.3139645704431,529.2473979183346,LK Neunkirchen,LK,Saarland,25.882352941176478,42.352941176470594,31.764705882352942,0.0,52.450980392156865,46.07843137254902,1.4705882352941175,2.7450980392156863
321,10044.0,33.363558588326896,34.75135885574357,31.885082555929532,424.9504734951562,LK Saarlouis,LK,Saarland,29.05027932960894,40.782122905027926,30.16759776536313,0.0,53.44827586206896,46.33620689655172,0.21551724137931036,4.283054003724395
322,10045.0,32.607217224866965,34.469365004802604,32.92341777033043,341.0022234441868,LK Saar-Pfalz-Kreis,LK,Saarland,28.474576271186447,45.76271186440679,25.762711864406782,0.0,49.42965779467681,50.57034220532319,0.0,5.084745762711865
323,10046.0,31.34089270798769,35.707175303500115,32.95193198851219,183.58014577688155,LK Sankt Wendel,LK,Saarland,26.66666666666667,52.12121212121213,21.21212121212121,0.0,51.03448275862069,48.96551724137931,0.0,3.0303030303030303
324,12051.0,31.775830514114574,33.289889634518325,34.934279851367094,313.9648267456033,SK Brandenburg a.d.Havel,SK,Brandenburg,40.0,41.66666666666667,18.33333333333333,0.0,56.14035087719297,43.85964912280701,0.0,0.0
325,12052.0,34.38569532723336,32.801165447669604,32.81313922509704,605.1141166525783,SK Cottbus,SK,Brandenburg,28.2051282051282,38.46153846153847,33.33333333333333,0.0,36.84210526315789,63.157894736842096,0.0,0.0
326,12053.0,32.91690425587062,32.963558135918305,34.119537608211076,391.4305038890768,SK Frankfurt (Oder),SK,Brandenburg,37.93103448275862,44.82758620689656,17.24137931034483,0.0,46.42857142857143,53.57142857142857,0.0,0.0
327,12054.0,39.99573247084322,34.7837317296408,25.220535799515968,945.9736534579836,SK Potsdam,SK,Brandenburg,34.09090909090909,34.9025974025974,31.006493506493502,0.0,56.61157024793389,43.388429752066116,0.0,7.467532467532468
328,12060.0,30.854672794922298,37.54432042022325,31.60100678485445,123.51402677624064,LK Barnim,LK,Brandenburg,21.182266009852214,38.916256157635466,39.90147783251231,0.0,58.620689655172406,41.379310344827594,0.0,7.142857142857142
329,12061.0,30.82564900305796,37.49815162036352,31.676199376578523,74.3318282340217,LK Dahme-Spreewald,LK,Brandenburg,28.033472803347284,43.51464435146443,28.45188284518829,0.0,50.9433962264151,49.0566037735849,0.0,3.3472803347280333
330,12062.0,27.118611040745144,35.95939125859818,36.92199770065668,54.03222834641525,LK Elbe-Elster,LK,Brandenburg,25.0,40.78947368421053,34.21052631578947,0.0,50.0,50.0,0.0,3.947368421052632
331,12063.0,31.82960798967321,38.33573179996171,29.834660210365087,93.73530944248249,LK Havelland,LK,Brandenburg,21.637426900584803,52.631578947368425,25.730994152046787,0.0,53.57142857142857,46.42857142857143,0.0,3.5087719298245608
332,12064.0,29.390515005557614,38.382528508501096,32.226956485941294,90.02293099854073,LK Märkisch-Oderland,LK,Brandenburg,30.357142857142854,48.214285714285715,21.428571428571427,0.0,47.57281553398058,52.42718446601942,0.0,1.7857142857142856
333,12065.0,31.31233757319561,38.2969860212356,30.390676405568787,116.829629793494,LK Oberhavel,LK,Brandenburg,40.19292604501607,42.12218649517685,17.363344051446948,0.3215434083601286,45.098039215686285,54.90196078431373,0.0,2.2508038585209005
334,12066.0,27.72909953293023,35.318078134617465,36.952822332452286,90.32532356572287,LK Oberspreewald-Lausitz,LK,Brandenburg,20.40816326530612,42.857142857142854,36.734693877551024,0.0,60.41666666666666,39.58333333333333,0.0,4.081632653061225
335,12067.0,28.90326769582107,36.247467227887924,34.84926507629101,79.16605738340535,LK Oder-Spree,LK,Brandenburg,23.255813953488367,52.71317829457365,24.031007751937985,0.0,49.6,50.4,0.0,1.5503875968992251
336,12068.0,29.36272431821393,36.18865944003714,34.44861624174892,39.21442904807704,LK Ostprignitz-Ruppin,LK,Brandenburg,39.02439024390244,45.121951219512205,15.853658536585364,0.0,47.22222222222222,52.77777777777778,0.0,0.0
337,12069.0,30.887806059702605,38.8551410576529,30.2570528826445,82.81726221248294,LK Potsdam-Mittelmark,LK,Brandenburg,19.565217391304348,45.8498023715415,34.18972332015811,0.3952569169960474,55.43237250554324,44.56762749445678,0.0,6.324110671936759
338,12070.0,28.011449783029228,34.96627803628379,37.022272180687,35.775642374506084,LK Prignitz,LK,Brandenburg,0.0,64.0,36.0,0.0,70.83333333333334,29.16666666666667,0.0,0.0
339,12071.0,26.112261751828648,36.67776525181553,37.20997299635581,69.05918634616197,LK Spree-Neiße,LK,Brandenburg,33.33333333333333,44.444444444444436,22.222222222222218,0.0,38.333333333333336,61.66666666666667,0.0,0.0
340,12072.0,32.43630270475828,37.75966154869991,29.80403574654181,79.97985011144219,LK Teltow-Fläming,LK,Brandenburg,19.594594594594593,50.67567567567568,29.72972972972973,0.0,55.147058823529406,44.852941176470594,0.0,7.432432432432432
341,12073.0,28.01458779443255,35.36870985010707,36.61670235546038,38.85481768929016,LK Uckermark,LK,Brandenburg,16.666666666666664,38.888888888888886,44.444444444444436,0.0,61.111111111111114,38.888888888888886,0.0,5.5555555555555545
342,13003.0,38.77952567429124,31.05617418113229,30.164300144576465,1151.7754741949714,SK Rostock,SK,Mecklenburg-Vorpommern,29.292929292929287,43.43434343434343,27.27272727272727,0.0,55.555555555555564,44.444444444444436,0.0,2.0202020202020203
343,13004.0,34.94124277275669,32.30395124089419,32.75480598634913,734.1250383083052,SK Schwerin,SK,Mecklenburg-Vorpommern,49.45054945054945,43.956043956043956,6.593406593406594,0.0,32.53012048192771,66.26506024096386,1.2048192771084338,0.0
344,13071.0,29.716744491182038,35.48219040635974,34.801065102458224,47.152009869660084,LK Mecklenburgische Seenplatte,LK,Mecklenburg-Vorpommern,28.57142857142857,43.69747899159664,27.731092436974787,0.0,50.45871559633027,49.54128440366973,0.0,2.5210084033613445
345,13072.0,30.180881676142306,37.44915463035706,32.369963693500615,62.69158246606961,LK Rostock,LK,Mecklenburg-Vorpommern,30.666666666666664,49.33333333333334,20.0,0.0,46.66666666666666,53.33333333333334,0.0,4.0
346,13073.0,29.54415979776041,35.768457032988564,34.687383169251035,69.89811631849928,LK Vorpommern-Rügen,LK,Mecklenburg-Vorpommern,25.0,43.75,31.25,0.0,50.649350649350644,49.35064935064935,0.0,2.5
347,13074.0,31.792457043686877,36.50568816236945,31.70185479394368,73.68131558163152,LK Nordwestmecklenburg,LK,Mecklenburg-Vorpommern,31.707317073170728,45.121951219512205,23.170731707317074,0.0,46.75324675324675,53.24675324675325,0.0,1.2195121951219512
348,13075.0,31.996603252259213,34.300814965969145,33.702581781771634,59.99041965946705,LK Vorpommern-Greifswald,LK,Mecklenburg-Vorpommern,21.897810218978105,31.386861313868607,46.715328467153284,0.0,53.38983050847458,45.76271186440679,0.8474576271186439,5.109489051094892
349,13076.0,30.19499760133197,37.22262461315599,32.582377785512044,44.6041143077717,LK Ludwigslust-Parchim,LK,Mecklenburg-Vorpommern,30.0,37.5,32.5,0.0,40.78947368421053,59.21052631578946,0.0,2.5
350,14511.0,34.925193235640286,30.862694499609688,34.21211226475002,1118.4664103144084,SK Chemnitz,SK,Sachsen,24.875621890547265,47.263681592039795,27.860696517412933,0.0,55.497382198952884,44.502617801047116,0.0,2.985074626865672
351,14521.0,28.511738368236518,33.66400549606747,37.824256135696004,184.7453361781279,LK Erzgebirgskreis,LK,Sachsen,18.5792349726776,37.70491803278689,43.715846994535525,0.0,55.41125541125541,44.58874458874459,0.0,7.832422586520948
352,14522.0,29.837516534121534,34.205790616783965,35.9566928490945,144.64180267850816,LK Mittelsachsen,LK,Sachsen,21.40077821011673,48.63813229571984,29.961089494163428,0.0,58.69565217391305,41.30434782608695,0.0,2.723735408560312
353,14523.0,28.01892921736993,33.918945020983685,38.06212576164639,161.27949703702132,LK Vogtlandkreis,LK,Sachsen,22.144522144522142,44.52214452214453,33.33333333333333,0.0,60.32171581769437,39.67828418230563,0.0,3.263403263403263
354,14524.0,29.17321458377292,33.86252050980849,36.964264906418585,334.3170595605345,LK Zwickau,LK,Sachsen,20.42253521126761,40.25821596244131,39.31924882629108,0.0,57.073954983922825,42.92604501607717,0.0,5.516431924882629
355,14612.0,41.54465256405402,31.49974127781714,26.955606158128838,1688.5320263029712,SK Dresden,SK,Sachsen,37.68352365415986,41.76182707993475,20.554649265905386,0.0,47.45762711864407,52.54237288135593,0.0,1.4681892332789561
356,14625.0,29.142515288487104,35.276854559957464,35.58063015155544,125.59692770078478,LK Bautzen,LK,Sachsen,24.066390041493772,38.58921161825727,37.34439834024897,0.0,58.85167464114832,41.14832535885167,0.0,3.734439834024896
357,14626.0,28.48752814895604,33.728137971078176,37.784333879965786,120.72159968173078,LK Görlitz,LK,Sachsen,19.402985074626862,36.940298507462686,43.65671641791045,0.0,57.487922705314006,42.512077294685994,0.0,8.208955223880597
358,14627.0,29.360559948795245,35.45888134123428,35.18055870997047,166.48333894774473,LK Meißen,LK,Sachsen,21.888412017167386,43.77682403433477,34.33476394849785,0.0,59.21052631578946,40.78947368421053,0.0,8.15450643776824
359,14628.0,30.304424476102447,34.88809540289319,34.80748012100435,148.47900470323663,LK Sächsische Schweiz-Osterzgebirge,LK,Sachsen,25.654450261780106,42.67015706806283,31.675392670157066,0.0,54.50980392156863,45.49019607843139,0.0,0.7853403141361256
360,14713.0,42.94564834645161,31.53981325390359,25.51453839964481,1973.999328408328,SK Leipzig,SK,Sachsen,36.51591289782245,44.22110552763819,19.262981574539364,0.0,47.9553903345725,52.0446096654275,0.0,1.8425460636515916
361,14729.0,29.25594441405477,36.442778831717504,34.30127675422772,156.09512390087932,LK Leipzig,LK,Sachsen,25.0,48.4375,26.5625,0.0,50.898203592814376,49.101796407185624,0.0,2.083333333333333
362,14730.0,29.671730585360674,36.50422667739145,33.82404273724788,97.44498560555272,LK Nordsachsen,LK,Sachsen,28.87323943661972,50.70422535211267,20.42253521126761,0.0,48.07692307692307,51.92307692307693,0.0,0.0
363,15001.0,27.922005982495666,32.88033777712126,39.197656240383075,331.9182839632278,SK Dessau-Roßlau,SK,Sachsen-Anhalt,21.538461538461537,46.153846153846146,32.30769230769231,0.0,54.098360655737714,45.901639344262286,0.0,3.0769230769230766
364,15002.0,39.44670375370418,30.491479873107167,30.061816373188663,1772.0115538438752,SK Halle,SK,Sachsen-Anhalt,23.931623931623932,38.17663817663818,37.89173789173789,0.0,58.65724381625442,41.34275618374559,0.0,3.133903133903134
365,15003.0,38.388417114584605,31.17634490588487,30.43523797953053,1187.4881846674296,SK Magdeburg,SK,Sachsen-Anhalt,37.735849056603776,46.22641509433962,16.037735849056602,0.0,47.47474747474747,52.52525252525253,0.0,0.9433962264150944
366,15081.0,30.4029129111204,36.82564316838775,32.771443920491855,36.529949194304535,LK Altmarkkreis Salzwedel,LK,Sachsen-Anhalt,30.303030303030305,39.39393939393939,30.303030303030305,0.0,60.60606060606061,39.39393939393939,0.0,0.0
367,15082.0,28.017440914834786,35.5912269946326,36.391332090532615,109.97564566506597,LK Anhalt-Bitterfeld,LK,Sachsen-Anhalt,28.169014084507047,43.661971830985905,28.169014084507047,0.0,50.0,50.0,0.0,2.8169014084507045
368,15083.0,30.296854437676874,37.555754830144295,32.147390732178835,72.5660127018199,LK Börde,LK,Sachsen-Anhalt,22.15189873417721,37.9746835443038,39.87341772151899,0.0,61.073825503355714,38.926174496644286,0.0,7.59493670886076
369,15084.0,28.432765414284926,35.26777290637661,36.29946167933847,127.45985711254156,LK Burgenlandkreis,LK,Sachsen-Anhalt,21.428571428571427,47.32142857142857,31.25,0.0,51.81818181818182,48.18181818181818,0.0,1.7857142857142856
370,15085.0,28.40761776857577,35.186480512576594,36.40590171884763,101.89733574717394,LK Harz,LK,Sachsen-Anhalt,49.224806201550386,35.27131782945737,15.503875968992247,0.0,43.03030303030303,56.96969696969697,0.0,1.5503875968992251
371,15086.0,28.651810337158622,36.92064762921448,34.4275420336269,57.030155055966006,LK Jerichower Land,LK,Sachsen-Anhalt,18.181818181818183,51.51515151515152,30.303030303030305,0.0,45.45454545454545,54.54545454545454,0.0,6.0606060606060606
372,15087.0,26.72900351562214,34.98080719858495,38.29018928579293,94.03941056700144,LK Mansfeld-Südharz,LK,Sachsen-Anhalt,36.0,34.0,30.0,0.0,48.88888888888889,51.11111111111111,0.0,4.0
373,15088.0,29.417277957764025,36.724599365051844,33.85812267718412,128.74430672869687,LK Saalekreis,LK,Sachsen-Anhalt,19.685039370078737,48.03149606299213,32.28346456692913,0.0,48.33333333333334,51.66666666666667,0.0,5.511811023622046
374,15089.0,28.562657430730475,35.27183039462636,36.165512174643155,133.5548033052291,LK Salzlandkreis,LK,Sachsen-Anhalt,16.417910447761194,46.2686567164179,37.3134328358209,0.0,49.2063492063492,50.79365079365079,0.0,0.0
375,15090.0,29.93427515136361,35.786108481720284,34.27961636691611,46.21168353114014,LK Stendal,LK,Sachsen-Anhalt,22.429906542056074,45.79439252336449,31.77570093457944,0.0,53.535353535353536,46.464646464646464,0.0,5.607476635514018
376,15091.0,27.50715193897012,35.23680864589955,37.25603941513032,65.18687352689787,LK Wittenberg,LK,Sachsen-Anhalt,23.376623376623375,37.662337662337656,38.96103896103897,0.0,57.44680851063831,42.5531914893617,0.0,1.9480519480519483
377,16051.0,38.21730564953509,33.090000421153114,28.69269392931179,791.7416916750027,SK Erfurt,SK,Thüringen,36.02941176470589,40.44117647058824,23.529411764705877,0.0,49.612403100775204,50.387596899224796,0.0,1.4705882352941175
378,16052.0,30.270201376497575,32.435848415328415,37.293950208174024,618.6477429528877,SK Gera,SK,Thüringen,22.222222222222218,36.231884057971016,41.545893719806756,0.0,56.02094240837696,43.97905759162304,0.0,4.8309178743961345
379,16053.0,43.85182259642571,29.553798235299396,26.594379168274887,970.7825026141513,SK Jena,SK,Thüringen,50.9433962264151,35.22012578616353,13.836477987421384,0.0,45.94594594594595,54.05405405405406,0.0,1.8867924528301887
380,16054.0,26.84656236543706,32.44150997559925,40.71192765896369,338.10540619237116,SK Suhl,SK,Thüringen,12.5,43.75,43.75,0.0,31.25,68.75,0.0,12.5
381,16055.0,38.23475188200953,32.68397603318482,29.08127208480565,770.4782196969696,SK Weimar,SK,Thüringen,32.35294117647059,47.058823529411754,20.588235294117645,0.0,44.77611940298507,55.22388059701493,0.0,0.0
382,16056.0,32.548973330186456,34.59523247580836,32.85579419400519,406.73898435250067,SK Eisenach,SK,Thüringen,17.857142857142858,28.57142857142857,53.57142857142857,0.0,64.28571428571429,35.714285714285715,0.0,7.142857142857142
383,16061.0,32.95975293883244,35.471209404263796,31.569037656903767,106.43960681603701,LK Eichsfeld,LK,Thüringen,21.19205298013245,48.34437086092715,30.463576158940395,0.0,57.24137931034483,42.75862068965517,0.0,5.298013245033113
384,16062.0,31.56689174679678,34.094867695831645,34.33824055737158,117.41255900603718,LK Nordhausen,LK,Thüringen,24.590163934426233,55.73770491803278,19.672131147540984,0.0,44.26229508196721,55.73770491803278,0.0,3.278688524590164
385,16063.0,29.77606177606177,36.35927656980289,33.86466165413534,94.09681589071691,LK Wartburgkreis,LK,Thüringen,23.4375,54.6875,21.875,0.0,51.66666666666667,48.33333333333334,0.0,3.125
386,16064.0,31.30441542288557,35.50800684079602,33.18757773631841,105.04547356816951,LK Unstrut-Hainich-Kreis,LK,Thüringen,10.389610389610391,51.94805194805194,37.662337662337656,0.0,50.66666666666667,49.33333333333334,0.0,3.8961038961038965
387,16065.0,28.629897745603856,35.237104880747644,36.13299737364849,72.27066452128838,LK Kyffhäuserkreis,LK,Thüringen,26.66666666666667,55.555555555555564,17.777777777777782,0.0,48.88888888888889,51.11111111111111,0.0,0.0
388,16066.0,29.58470579581028,35.60119986595503,34.81409433823469,101.05225772880823,LK Schmalkalden-Meiningen,LK,Thüringen,26.446280991735534,47.10743801652893,26.446280991735534,0.0,52.17391304347826,47.82608695652174,0.0,2.479338842975207
389,16067.0,31.212532852966362,35.83114313557571,32.95632401145793,144.7013075805487,LK Gotha,LK,Thüringen,24.46043165467626,36.330935251798564,39.20863309352518,0.0,57.2,42.8,0.0,9.712230215827338
390,16068.0,30.118440887229923,36.84301198765343,33.038547125116644,86.33062317188042,LK Sömmerda,LK,Thüringen,29.72972972972973,48.64864864864865,21.621621621621625,0.0,35.135135135135144,64.86486486486487,0.0,2.702702702702702
391,16069.0,29.86798420216197,36.610388179944295,33.52162761789373,67.72340742950918,LK Hildburghausen,LK,Thüringen,11.428571428571427,54.28571428571429,34.285714285714285,0.0,51.42857142857142,48.57142857142857,0.0,2.8571428571428568
392,16070.0,32.175240477460406,34.335399385701926,33.48936013683765,128.88551753564613,LK Ilm-Kreis,LK,Thüringen,22.48062015503876,44.1860465116279,33.33333333333333,0.0,47.058823529411754,52.941176470588246,0.0,3.1007751937984502
393,16071.0,30.941950284940273,36.73837968443018,32.31967003062955,101.86331543357201,LK Weimarer Land,LK,Thüringen,12.32876712328767,45.20547945205479,42.46575342465753,0.0,54.54545454545454,45.45454545454545,0.0,5.479452054794519
394,16072.0,28.09452630080433,35.70538828386361,36.20008541533205,129.600332095662,LK Sonneberg,LK,Thüringen,19.791666666666664,38.54166666666667,41.66666666666667,0.0,54.838709677419345,45.16129032258064,0.0,7.291666666666668
395,16073.0,27.49257211628869,34.982511564932864,37.52491631877844,102.65725895968264,LK Saalfeld-Rudolstadt,LK,Thüringen,18.84057971014493,44.92753623188405,36.231884057971016,0.0,50.0,50.0,0.0,0.0
396,16074.0,29.59145585242803,36.24881097157168,34.15973317600029,101.87306805357932,LK Saale-Holzland-Kreis,LK,Thüringen,26.08695652173913,43.47826086956522,30.434782608695656,0.0,54.098360655737714,45.901639344262286,0.0,4.3478260869565215
397,16075.0,28.89894643122125,35.71375575011129,35.387297818667456,70.24059758533832,LK Saale-Orla-Kreis,LK,Thüringen,16.083916083916083,37.06293706293707,46.853146853146846,0.0,62.7906976744186,37.2093023255814,0.0,8.391608391608392
398,16076.0,26.35825548345032,35.293758086370076,38.34798643017961,116.02992978557413,LK Greiz,LK,Thüringen,15.745393634840871,37.85594639865997,46.39865996649916,0.0,59.962756052141536,40.03724394785848,0.0,7.537688442211055
399,16077.0,26.600679109611846,34.55469495550278,38.84462593488537,158.26557313710683,LK Altenburger Land,LK,Thüringen,15.873015873015873,52.38095238095239,31.746031746031747,0.0,54.838709677419345,45.16129032258064,0.0,4.761904761904762
400,11001.0,40.448,34.8899,24.6621,891.12,SK Berlin Mitte,SK,Berlin,44.549266247379464,40.461215932914044,14.884696016771489,0.10482180293501048,47.05144291091594,52.82308657465495,0.12547051442910914,1.257861635220126
401,11002.0,40.448,34.8899,24.6621,891.12,SK Berlin Friedrichshain-Kreuzberg,SK,Berlin,44.3579766536965,43.57976653696498,12.06225680933852,0.0,46.32034632034632,53.67965367965368,0.0,1.1673151750972763
402,11003.0,40.448,34.8899,24.6621,891.12,SK Berlin Pankow,SK,Berlin,32.70348837209303,43.75,23.546511627906977,0.0,53.60655737704918,46.39344262295082,0.0,4.069767441860465
403,11004.0,40.448,34.8899,24.6621,891.12,SK Berlin Charlottenburg-Wilmersdorf,SK,Berlin,32.87858117326057,38.88130968622101,28.240109140518413,0.0,49.38837920489297,50.611620795107044,0.0,3.0013642564802185
404,11005.0,40.448,34.8899,24.6621,891.12,SK Berlin Spandau,SK,Berlin,32.5503355704698,39.59731543624161,27.85234899328859,0.0,51.28205128205128,48.71794871794872,0.0,2.684563758389262
405,11006.0,40.448,34.8899,24.6621,891.12,SK Berlin Steglitz-Zehlendorf,SK,Berlin,27.560521415270014,44.1340782122905,28.11918063314711,0.186219739292365,52.91750503018109,47.08249496981891,0.0,2.4208566108007448
406,11007.0,40.448,34.8899,24.6621,891.12,SK Berlin Tempelhof-Schöneberg,SK,Berlin,31.56297420333839,42.64036418816389,25.79666160849772,0.0,47.01986754966889,52.98013245033113,0.0,3.6418816388467374
407,11008.0,40.448,34.8899,24.6621,891.12,SK Berlin Neukölln,SK,Berlin,38.65199449793673,39.477303988995864,21.8707015130674,0.0,51.80722891566265,47.89156626506024,0.3012048192771085,4.401650618982118
408,11009.0,40.448,34.8899,24.6621,891.12,SK Berlin Treptow-Köpenick,SK,Berlin,33.139534883720934,42.73255813953488,24.12790697674419,0.0,49.221183800623045,50.778816199376934,0.0,2.9069767441860463
409,11010.0,40.448,34.8899,24.6621,891.12,SK Berlin Marzahn-Hellersdorf,SK,Berlin,36.64772727272727,38.63636363636363,24.71590909090909,0.0,50.29411764705882,49.70588235294117,0.0,0.8522727272727272
410,11011.0,40.448,34.8899,24.6621,891.12,SK Berlin Lichtenberg,SK,Berlin,33.687943262411345,36.17021276595745,29.78723404255319,0.3546099290780142,51.14503816793893,48.4732824427481,0.38167938931297707,3.546099290780142
411,11012.0,40.448,34.8899,24.6621,891.12,SK Berlin Reinickendorf,SK,Berlin,32.59109311740891,37.65182186234818,29.75708502024291,0.0,51.35135135135135,48.64864864864865,0.0,4.453441295546559
